525,548,581,616,655,697,740,785,826,866,907,946,981,1016,1048,1079,1107,1134,1159,1184,1209,1229,1251,1266,1287,1307,1322,1338,1353,1368,1473,1545,1595,1630,1656,1679,1693,1702,1712,1718,1720,1721,1721,1718,1713,1713,1710,1705,1700,1698,1694,1689,1686,1685,1683,1683,1681,1703,1760,1831,1908,1977,2040,2093,2139,2178,2210,2237,2263,2283,2299,2315,2328,2341,2348,2358,2365,2370,2378,2385,2390,2393,2397,2401,2425,2438,2449,2454,2458,2461,2464,2467,2469,2472,2473,2475,2478,2481,2483,2484,2488,2491,2495,2497,2498,2504,2503,2504,2507,2507,2510,2516,2516,2518,2515,2513,2505,2503,85.9922179
426,437,455,475,496,518,544,569,596,622,650,678,705,730,758,782,806,829,851,873,894,915,935,955,973,991,1007,1022,1038,1055,1174,1262,1327,1376,1413,1442,1467,1485,1498,1509,1519,1523,1525,1527,1528,1525,1523,1521,1520,1518,1516,1513,1511,1508,1510,1509,1508,1525,1578,1649,1719,1790,1857,1917,1974,2026,2072,2111,2152,2183,2211,2235,2254,2272,2286,2300,2311,2321,2328,2335,2341,2345,2350,2353,2373,2385,2393,2406,2416,2429,2446,2458,2475,2487,2501,2508,2517,2522,2527,2530,2533,2532,2533,2535,2537,2536,2538,2538,2537,2539,2537,2539,2536,2530,2526,2522,2516,2511,83.94160584
482,496,520,544,571,601,633,664,699,733,770,805,838,873,906,937,968,997,1025,1053,1079,1104,1127,1150,1173,1191,1213,1231,1249,1266,1399,1491,1556,1601,1638,1665,1686,1701,1716,1722,1727,1731,1730,1731,1729,1726,1723,1720,1715,1710,1706,1701,1700,1694,1693,1691,1691,1694,1731,1779,1834,1887,1935,1983,2028,2070,2109,2144,2178,2209,2236,2259,2285,2301,2318,2333,2342,2355,2363,2374,2382,2386,2391,2395,2420,2432,2444,2459,2470,2488,2508,2522,2536,2552,2563,2572,2580,2587,2591,2593,2597,2596,2599,2602,2604,2600,2603,2601,2603,2601,2601,2599,2599,2598,2598,2597,2590,2585,94.28571429
464,476,494,512,537,563,584,610,639,665,692,721,749,774,801,827,851,875,900,922,945,964,985,1005,1022,1040,1059,1074,1088,1107,1232,1321,1387,1436,1475,1505,1531,1551,1565,1577,1584,1591,1594,1595,1598,1598,1595,1596,1594,1594,1592,1592,1589,1587,1589,1590,1590,1616,1678,1753,1831,1907,1977,2042,2100,2153,2200,2244,2279,2312,2340,2361,2382,2396,2415,2428,2440,2446,2455,2462,2465,2473,2476,2482,2503,2511,2519,2527,2533,2539,2552,2562,2579,2587,2603,2614,2626,2633,2637,2643,2646,2651,2653,2655,2655,2656,2657,2658,2657,2654,2658,2658,2655,2653,2649,2645,2640,2635,91.4893617
494,509,530,552,578,608,637,669,703,733,769,804,834,867,899,929,957,985,1012,1037,1063,1084,1108,1129,1149,1170,1190,1206,1224,1241,1370,1462,1529,1575,1611,1639,1658,1677,1690,1698,1703,1705,1706,1703,1700,1698,1694,1692,1685,1682,1679,1676,1675,1672,1669,1669,1668,1689,1757,1836,1914,1986,2051,2112,2167,2213,2261,2301,2337,2369,2398,2422,2443,2461,2479,2490,2503,2511,2521,2528,2534,2541,2546,2547,2568,2578,2589,2604,2623,2649,2670,2698,2719,2734,2745,2757,2762,2764,2769,2770,2769,2767,2771,2768,2765,2769,2768,2766,2765,2767,2766,2763,2762,2762,2756,2752,2746,2738,86.68478261
517,529,547,569,595,619,645,674,704,735,764,795,827,856,887,914,944,973,998,1025,1051,1076,1097,1118,1140,1163,1183,1200,1220,1237,1379,1483,1561,1621,1663,1702,1730,1755,1770,1785,1797,1805,1809,1812,1814,1814,1814,1813,1811,1809,1806,1808,1804,1805,1803,1804,1805,1830,1889,1966,2046,2123,2196,2267,2330,2386,2442,2493,2535,2575,2608,2638,2663,2683,2704,2719,2733,2746,2754,2763,2772,2775,2780,2787,2812,2828,2838,2848,2865,2877,2893,2906,2918,2932,2943,2950,2956,2964,2964,2968,2974,2972,2976,2978,2981,2982,2984,2984,2981,2983,2984,2985,2987,2984,2984,2983,2979,2978,90.90909091
463,470,489,507,528,550,572,598,625,651,679,707,735,760,788,813,841,865,889,912,936,957,978,995,1017,1036,1053,1070,1088,1105,1237,1332,1403,1457,1501,1537,1562,1583,1602,1618,1625,1634,1637,1643,1644,1643,1644,1642,1641,1641,1640,1639,1638,1636,1638,1634,1637,1659,1711,1775,1844,1910,1972,2033,2089,2141,2189,2232,2274,2308,2339,2366,2391,2413,2428,2444,2457,2467,2475,2484,2491,2494,2499,2505,2529,2542,2551,2565,2584,2596,2615,2629,2642,2655,2663,2672,2677,2684,2686,2691,2692,2695,2698,2697,2701,2699,2699,2699,2702,2702,2703,2703,2704,2699,2696,2694,2691,2688,86.06557377
513,524,545,567,592,619,649,677,708,740,770,806,835,867,900,929,957,987,1013,1041,1069,1090,1115,1138,1160,1181,1204,1221,1238,1259,1404,1508,1583,1638,1681,1715,1742,1761,1779,1790,1798,1804,1805,1807,1807,1807,1802,1799,1796,1795,1793,1790,1784,1786,1783,1786,1784,1808,1867,1945,2019,2094,2162,2228,2287,2347,2400,2448,2490,2529,2564,2589,2619,2639,2657,2676,2689,2700,2708,2719,2728,2732,2738,2744,2772,2788,2798,2812,2826,2840,2859,2877,2890,2904,2913,2920,2927,2931,2934,2936,2936,2938,2940,2941,2941,2941,2942,2941,2943,2940,2941,2937,2937,2934,2931,2925,2922,2919,94.1580756
494,507,529,552,580,609,640,672,706,737,771,805,837,869,901,930,961,988,1014,1041,1069,1090,1114,1137,1157,1178,1199,1217,1235,1253,1392,1493,1567,1623,1666,1704,1728,1750,1768,1779,1786,1791,1794,1796,1797,1796,1793,1789,1785,1785,1785,1781,1778,1777,1774,1776,1777,1803,1868,1944,2025,2101,2167,2231,2289,2341,2390,2432,2474,2509,2541,2571,2591,2612,2630,2643,2658,2666,2674,2683,2692,2697,2702,2707,2733,2745,2757,2770,2791,2818,2844,2875,2897,2914,2928,2936,2946,2949,2951,2954,2956,2957,2958,2958,2957,2958,2958,2959,2958,2957,2956,2952,2943,2939,2931,2928,2923,2921,94.57831325
497,508,529,552,576,604,631,664,695,725,758,791,821,854,883,914,942,971,997,1023,1047,1072,1094,1120,1139,1158,1180,1198,1215,1236,1378,1483,1562,1616,1667,1703,1732,1753,1772,1784,1795,1802,1804,1809,1808,1806,1805,1802,1801,1800,1798,1794,1796,1793,1792,1791,1792,1817,1877,1951,2025,2094,2160,2219,2277,2331,2380,2424,2464,2501,2531,2559,2585,2605,2623,2639,2651,2664,2671,2679,2684,2688,2696,2698,2724,2737,2750,2771,2796,2833,2864,2894,2920,2938,2951,2961,2965,2971,2974,2978,2978,2978,2978,2979,2978,2979,2977,2978,2976,2978,2976,2972,2973,2967,2965,2958,2956,2951,97.05882353
463,477,499,525,554,585,616,651,685,719,754,791,821,854,886,914,944,971,998,1025,1048,1070,1094,1116,1137,1155,1176,1192,1211,1227,1359,1453,1521,1569,1609,1636,1660,1678,1691,1699,1704,1704,1705,1704,1702,1699,1694,1689,1685,1682,1678,1673,1667,1668,1664,1664,1665,1684,1745,1819,1897,1971,2037,2098,2154,2203,2253,2296,2334,2366,2395,2424,2443,2463,2479,2494,2507,2515,2524,2531,2537,2542,2545,2551,2573,2582,2587,2590,2597,2605,2615,2632,2649,2664,2679,2694,2704,2712,2718,2722,2724,2729,2733,2728,2730,2732,2732,2732,2728,2731,2727,2727,2723,2717,2713,2710,2707,2702,98.04964539
503,514,535,555,581,606,632,663,694,723,754,785,816,846,875,907,933,960,986,1010,1036,1061,1078,1104,1124,1147,1165,1185,1203,1221,1365,1468,1544,1604,1652,1689,1717,1742,1762,1773,1786,1792,1796,1799,1801,1803,1801,1801,1799,1799,1795,1794,1796,1794,1793,1791,1796,1827,1892,1968,2041,2112,2185,2246,2304,2359,2406,2452,2493,2527,2559,2585,2611,2631,2645,2661,2675,2686,2697,2704,2709,2715,2720,2723,2747,2756,2766,2786,2806,2830,2855,2880,2903,2919,2932,2942,2950,2958,2963,2963,2967,2969,2969,2972,2971,2973,2974,2970,2971,2973,2972,2969,2969,2965,2961,2953,2949,2946,91.82879377
453,462,477,496,514,537,556,581,605,629,654,680,702,729,754,776,799,823,843,865,887,905,924,943,962,977,994,1010,1028,1042,1166,1260,1333,1388,1435,1472,1501,1525,1547,1563,1572,1582,1590,1595,1600,1601,1601,1601,1602,1599,1600,1600,1599,1599,1598,1598,1597,1618,1667,1733,1801,1869,1931,1990,2044,2097,2144,2188,2228,2263,2294,2320,2345,2364,2381,2397,2410,2419,2430,2437,2445,2453,2457,2463,2485,2496,2508,2524,2542,2566,2592,2620,2637,2663,2677,2690,2694,2702,2705,2708,2711,2714,2714,2716,2715,2714,2716,2715,2714,2711,2714,2713,2710,2706,2700,2698,2694,2692,94.24206816
600,623,654,686,723,760,796,836,876,913,951,989,1023,1058,1092,1120,1152,1181,1207,1235,1260,1283,1306,1330,1347,1368,1387,1405,1423,1440,1566,1651,1711,1754,1787,1813,1834,1851,1862,1871,1879,1882,1885,1886,1885,1883,1881,1879,1877,1876,1871,1871,1869,1868,1865,1866,1865,1889,1950,2025,2101,2172,2240,2294,2345,2387,2422,2454,2477,2498,2519,2532,2546,2558,2565,2572,2578,2584,2586,2590,2593,2597,2600,2602,2614,2617,2621,2628,2631,2638,2646,2653,2660,2662,2672,2676,2679,2682,2684,2685,2685,2687,2689,2692,2692,2691,2692,2689,2691,2693,2691,2692,2693,2688,2687,2683,2680,2679,79.55307263
483,502,537,571,613,657,701,748,797,840,886,926,968,1004,1042,1076,1109,1139,1166,1194,1221,1243,1267,1287,1307,1329,1345,1363,1379,1394,1508,1581,1630,1664,1691,1708,1723,1732,1738,1742,1743,1740,1740,1735,1732,1725,1720,1715,1710,1704,1702,1698,1694,1691,1690,1690,1689,1723,1799,1893,1986,2070,2144,2206,2259,2303,2341,2370,2396,2418,2436,2448,2461,2470,2480,2486,2492,2497,2499,2504,2507,2512,2514,2517,2530,2538,2541,2544,2547,2544,2547,2549,2551,2553,2557,2557,2557,2560,2562,2565,2566,2568,2567,2572,2572,2572,2572,2571,2575,2572,2575,2576,2576,2576,2574,2568,2568,2563,95.29411765
618,640,671,704,739,778,818,859,902,941,982,1023,1060,1097,1135,1170,1202,1235,1264,1292,1322,1347,1371,1396,1419,1442,1460,1481,1499,1518,1657,1752,1816,1865,1900,1928,1951,1969,1984,1995,1999,2004,2008,2009,2006,2008,2003,2001,1998,1997,1995,1991,1987,1987,1986,1986,1987,2010,2069,2143,2226,2304,2370,2432,2485,2533,2572,2603,2635,2658,2676,2697,2712,2721,2734,2741,2747,2754,2759,2764,2768,2773,2773,2777,2789,2797,2804,2812,2821,2830,2840,2851,2861,2868,2873,2878,2882,2884,2887,2887,2889,2890,2890,2891,2890,2888,2889,2890,2890,2891,2888,2885,2885,2880,2878,2874,2871,2866,94.93534483
512,527,547,570,595,623,652,683,717,748,781,813,845,877,907,939,968,997,1024,1050,1075,1099,1123,1146,1166,1188,1207,1226,1244,1262,1402,1504,1581,1639,1685,1718,1749,1770,1787,1798,1809,1812,1819,1820,1820,1819,1819,1816,1811,1807,1807,1806,1805,1801,1802,1802,1801,1833,1899,1984,2073,2152,2227,2297,2358,2415,2464,2513,2555,2590,2621,2649,2673,2695,2711,2728,2739,2749,2760,2765,2775,2781,2785,2786,2811,2826,2839,2855,2878,2895,2920,2940,2961,2975,2988,2991,3002,3005,3009,3009,3013,3014,3017,3017,3019,3016,3019,3016,3014,3016,3017,3016,3012,3014,3009,3006,3006,2999,93.71727749
533,546,565,588,611,636,661,689,720,749,779,811,842,870,901,929,957,983,1010,1037,1061,1084,1106,1126,1149,1169,1190,1207,1225,1243,1380,1481,1553,1610,1653,1687,1714,1734,1752,1761,1775,1780,1786,1787,1789,1791,1793,1789,1792,1792,1793,1791,1791,1794,1795,1793,1795,1835,1906,1990,2073,2153,2225,2289,2349,2402,2449,2493,2529,2564,2592,2614,2636,2653,2668,2681,2694,2703,2711,2720,2723,2729,2733,2735,2759,2778,2800,2831,2865,2898,2926,2952,2969,2981,2991,2995,3001,3003,3007,3010,3007,3008,3010,3008,3009,3007,3008,3006,3009,3007,3007,3001,2998,2997,2994,2989,2985,2977,97.88359788
471,485,508,531,559,590,618,650,683,718,752,786,815,850,883,913,941,968,995,1019,1046,1068,1090,1110,1132,1152,1170,1186,1206,1223,1350,1442,1509,1559,1596,1627,1650,1667,1681,1693,1698,1702,1706,1705,1704,1704,1701,1698,1696,1691,1691,1689,1687,1685,1682,1681,1682,1698,1744,1804,1866,1929,1988,2042,2092,2138,2179,2221,2254,2283,2310,2335,2352,2368,2382,2393,2402,2409,2417,2423,2426,2431,2436,2439,2455,2461,2470,2480,2491,2503,2516,2528,2544,2558,2565,2576,2580,2586,2591,2592,2596,2597,2601,2597,2602,2603,2599,2602,2600,2602,2603,2598,2593,2585,2577,2573,2570,2562,98.77488515
546,565,589,617,649,685,719,759,799,839,881,923,961,1003,1044,1079,1117,1153,1185,1218,1250,1280,1308,1336,1361,1385,1412,1435,1455,1476,1637,1749,1825,1880,1924,1959,1987,2007,2025,2038,2046,2051,2056,2057,2060,2058,2057,2053,2050,2047,2047,2043,2040,2040,2039,2036,2036,2059,2120,2200,2279,2362,2433,2495,2551,2602,2643,2679,2711,2737,2758,2778,2796,2808,2819,2828,2835,2844,2848,2852,2856,2859,2859,2864,2875,2879,2885,2896,2913,2926,2948,2969,2988,3002,3014,3023,3029,3034,3036,3041,3042,3043,3045,3045,3045,3046,3046,3047,3045,3049,3046,3044,3044,3042,3042,3043,3036,3036,99.58158996
468,479,500,520,544,570,599,625,656,686,717,749,780,810,841,869,898,925,951,976,1003,1024,1048,1068,1090,1109,1128,1145,1164,1181,1313,1408,1474,1525,1563,1593,1613,1632,1648,1658,1665,1665,1669,1670,1671,1670,1667,1664,1662,1658,1658,1654,1653,1650,1648,1648,1646,1670,1728,1798,1873,1943,2005,2063,2117,2167,2210,2250,2286,2318,2344,2369,2387,2403,2419,2435,2443,2452,2458,2465,2471,2478,2480,2482,2501,2510,2520,2530,2547,2563,2581,2600,2615,2627,2639,2647,2655,2663,2665,2670,2671,2672,2677,2676,2679,2675,2679,2678,2676,2679,2681,2681,2681,2677,2677,2676,2674,2668,94.4741533
515,526,552,579,610,641,675,713,748,787,825,861,897,933,965,998,1031,1062,1089,1118,1144,1169,1196,1217,1241,1261,1283,1302,1322,1338,1482,1583,1655,1709,1753,1786,1812,1831,1845,1856,1862,1866,1867,1867,1864,1863,1861,1854,1851,1847,1842,1841,1839,1837,1834,1831,1831,1859,1929,2017,2105,2187,2263,2328,2389,2439,2484,2525,2563,2592,2620,2642,2662,2681,2695,2707,2715,2723,2730,2734,2739,2746,2747,2751,2769,2773,2780,2785,2796,2810,2827,2850,2874,2893,2911,2926,2943,2950,2959,2965,2969,2970,2974,2974,2974,2976,2978,2977,2979,2978,2980,2979,2977,2975,2970,2966,2964,2957,98.99328859
484,496,519,543,569,599,628,661,694,731,768,801,835,871,903,933,967,996,1024,1052,1078,1101,1126,1151,1171,1194,1213,1232,1252,1270,1407,1505,1572,1625,1661,1692,1715,1734,1744,1755,1760,1763,1764,1762,1760,1756,1751,1749,1744,1741,1736,1733,1729,1726,1724,1723,1723,1746,1818,1910,2006,2098,2183,2256,2322,2381,2432,2474,2511,2542,2567,2589,2607,2625,2639,2649,2659,2665,2674,2680,2683,2686,2689,2695,2714,2724,2734,2747,2761,2780,2799,2818,2831,2844,2852,2859,2863,2865,2867,2868,2869,2868,2867,2868,2866,2866,2865,2866,2865,2866,2863,2859,2858,2852,2848,2843,2838,2833,99.6835443
526,541,567,594,629,665,700,739,779,819,859,899,938,975,1011,1046,1080,1111,1144,1170,1199,1226,1253,1277,1300,1325,1342,1363,1384,1403,1549,1654,1726,1781,1821,1852,1880,1897,1912,1920,1927,1930,1931,1932,1930,1926,1922,1919,1916,1909,1908,1904,1902,1900,1901,1899,1896,1931,2004,2098,2191,2277,2358,2427,2489,2547,2596,2641,2680,2711,2741,2765,2785,2804,2818,2830,2837,2851,2857,2861,2867,2872,2875,2880,2897,2905,2913,2918,2923,2928,2939,2947,2959,2968,2981,2988,2997,3001,3009,3012,3018,3015,3024,3027,3027,3028,3029,3028,3030,3027,3028,3030,3027,3025,3022,3019,3016,3013,95.01779359
494,509,533,561,591,624,658,696,734,770,809,846,882,917,951,985,1015,1048,1075,1103,1132,1157,1179,1205,1225,1247,1269,1289,1307,1326,1469,1570,1643,1696,1739,1772,1797,1819,1831,1841,1849,1852,1855,1855,1854,1853,1850,1845,1843,1839,1837,1835,1830,1829,1827,1826,1827,1853,1922,2005,2092,2175,2249,2318,2379,2431,2480,2522,2558,2591,2615,2640,2661,2675,2688,2701,2707,2716,2724,2727,2734,2737,2741,2744,2760,2769,2770,2775,2783,2793,2805,2820,2836,2855,2865,2881,2888,2902,2905,2907,2913,2914,2918,2922,2922,2924,2923,2924,2924,2922,2924,2920,2918,2916,2911,2907,2904,2899,99.6099844
499,515,539,567,597,630,666,703,742,779,815,854,888,922,959,989,1021,1049,1078,1106,1130,1156,1180,1202,1222,1245,1263,1284,1301,1317,1452,1546,1615,1669,1708,1738,1763,1780,1793,1803,1808,1813,1815,1813,1809,1810,1806,1801,1800,1795,1793,1789,1788,1788,1787,1787,1787,1826,1908,2006,2105,2197,2282,2356,2422,2479,2530,2573,2611,2643,2667,2689,2708,2724,2738,2749,2761,2766,2771,2775,2782,2786,2790,2794,2811,2822,2826,2831,2832,2837,2842,2847,2853,2857,2866,2872,2878,2885,2893,2897,2904,2907,2911,2912,2915,2916,2918,2919,2921,2917,2923,2921,2917,2915,2913,2909,2903,2901,95.75892857
545,560,581,606,634,666,697,735,766,802,838,873,907,943,978,1009,1041,1070,1099,1128,1155,1182,1206,1231,1254,1278,1301,1320,1340,1358,1517,1628,1714,1777,1829,1868,1901,1927,1949,1961,1972,1985,1988,1993,1994,1993,1995,1996,1993,1988,1990,1989,1988,1986,1985,1988,1986,2015,2082,2165,2255,2339,2417,2486,2547,2607,2653,2696,2733,2768,2796,2819,2843,2859,2875,2884,2897,2906,2913,2918,2924,2928,2932,2935,2954,2961,2974,2990,3009,3037,3068,3093,3119,3138,3150,3159,3169,3172,3175,3176,3174,3174,3175,3177,3176,3176,3177,3175,3175,3173,3171,3167,3164,3157,3152,3146,3140,3136,98.46416382
532,547,574,603,634,669,705,745,787,826,867,906,943,982,1018,1052,1084,1117,1146,1177,1206,1231,1256,1281,1305,1326,1349,1372,1388,1407,1555,1661,1734,1790,1835,1867,1893,1914,1927,1939,1944,1946,1948,1947,1945,1940,1938,1933,1927,1924,1921,1918,1915,1911,1910,1909,1909,1941,2018,2118,2215,2309,2394,2468,2533,2592,2643,2692,2729,2766,2795,2819,2840,2857,2874,2885,2894,2904,2911,2916,2924,2927,2928,2933,2950,2958,2958,2973,2983,2999,3019,3036,3054,3070,3082,3091,3101,3106,3111,3113,3115,3116,3116,3116,3116,3119,3117,3116,3116,3116,3115,3113,3108,3102,3097,3094,3088,3084,97.30046948
546,560,582,605,631,659,688,721,754,784,820,854,889,921,954,985,1016,1044,1072,1099,1128,1151,1173,1201,1224,1246,1266,1287,1309,1324,1480,1593,1676,1741,1789,1831,1863,1891,1912,1929,1940,1946,1954,1959,1961,1961,1964,1960,1957,1957,1956,1955,1952,1950,1948,1950,1951,1978,2045,2134,2229,2323,2409,2484,2552,2610,2665,2712,2753,2789,2818,2844,2865,2884,2899,2912,2925,2934,2944,2948,2955,2962,2965,2971,2990,3001,3011,3024,3037,3060,3084,3110,3133,3152,3164,3177,3184,3185,3189,3191,3189,3192,3192,3192,3192,3190,3189,3190,3189,3187,3187,3181,3178,3176,3168,3166,3159,3154,97.08333333
552,568,596,628,660,697,735,776,819,858,901,943,981,1019,1057,1092,1128,1158,1191,1224,1253,1280,1308,1333,1356,1381,1403,1424,1445,1466,1621,1732,1812,1872,1918,1955,1984,2006,2021,2034,2040,2051,2050,2052,2051,2045,2045,2042,2039,2037,2034,2029,2027,2027,2024,2023,2026,2056,2121,2202,2295,2374,2453,2520,2582,2638,2689,2731,2774,2808,2839,2863,2888,2909,2921,2934,2945,2952,2961,2969,2972,2976,2977,2986,3003,3010,3019,3023,3038,3058,3073,3100,3122,3140,3154,3168,3177,3185,3192,3196,3201,3201,3202,3205,3206,3206,3205,3208,3210,3207,3208,3205,3200,3195,3191,3188,3180,3174,96.82539683
521,535,560,586,618,649,683,719,756,792,830,869,904,939,975,1008,1038,1071,1100,1128,1158,1183,1208,1231,1255,1277,1299,1317,1338,1358,1506,1613,1689,1753,1802,1837,1865,1890,1908,1919,1927,1935,1935,1934,1935,1937,1933,1932,1929,1925,1923,1922,1920,1918,1917,1915,1917,1948,2015,2097,2178,2256,2330,2395,2456,2513,2562,2605,2649,2683,2713,2739,2761,2780,2794,2809,2822,2832,2839,2844,2850,2857,2859,2864,2880,2888,2896,2904,2916,2929,2947,2970,2991,3009,3024,3038,3046,3054,3061,3065,3068,3071,3071,3074,3074,3075,3075,3075,3074,3076,3076,3073,3070,3063,3059,3054,3050,3048,94.73684211
503,517,541,568,595,628,661,698,735,774,810,849,887,923,958,992,1026,1052,1087,1118,1144,1171,1196,1221,1244,1268,1289,1309,1329,1348,1498,1601,1676,1734,1779,1811,1838,1859,1874,1885,1896,1899,1904,1904,1905,1905,1904,1902,1900,1897,1896,1893,1892,1890,1892,1889,1889,1915,1976,2052,2134,2213,2283,2347,2406,2456,2497,2539,2569,2596,2619,2639,2654,2668,2677,2687,2696,2700,2705,2709,2712,2715,2719,2719,2728,2738,2751,2769,2793,2818,2848,2874,2893,2907,2920,2927,2931,2933,2935,2938,2939,2940,2941,2941,2942,2939,2939,2941,2943,2940,2939,2937,2934,2930,2925,2917,2913,2908,97.82016349
502,519,546,573,606,639,677,715,755,793,833,873,912,948,983,1018,1051,1084,1115,1144,1173,1199,1223,1249,1273,1295,1316,1336,1357,1374,1519,1623,1691,1746,1782,1814,1836,1854,1867,1876,1881,1884,1885,1883,1880,1876,1873,1871,1866,1860,1859,1856,1853,1851,1851,1848,1845,1886,1965,2067,2167,2261,2344,2418,2480,2535,2582,2621,2654,2681,2704,2723,2738,2752,2760,2770,2775,2785,2787,2794,2798,2802,2804,2806,2821,2824,2833,2835,2839,2848,2859,2866,2875,2887,2896,2904,2913,2916,2922,2927,2931,2930,2934,2934,2935,2932,2934,2935,2934,2930,2931,2929,2926,2920,2916,2910,2906,2903,94.84978541
515,526,546,565,589,613,638,665,694,725,755,784,815,845,876,903,932,962,986,1013,1040,1064,1084,1110,1129,1152,1170,1191,1210,1229,1376,1487,1572,1636,1688,1729,1764,1792,1813,1830,1844,1852,1860,1865,1869,1871,1872,1871,1870,1873,1872,1871,1872,1872,1874,1876,1878,1916,1997,2091,2193,2290,2377,2461,2536,2600,2661,2714,2760,2799,2832,2861,2886,2908,2927,2941,2953,2963,2973,2982,2988,2994,3001,3003,3028,3045,3060,3082,3101,3127,3152,3176,3197,3215,3227,3233,3239,3243,3244,3249,3249,3250,3248,3248,3247,3247,3248,3246,3245,3244,3243,3242,3238,3233,3228,3221,3216,3210,94.79553903
480,492,512,530,556,585,610,639,670,702,732,765,796,827,858,885,916,945,970,996,1021,1045,1068,1091,1113,1133,1152,1171,1189,1208,1350,1453,1531,1585,1629,1664,1692,1714,1729,1743,1749,1755,1758,1762,1760,1758,1759,1757,1754,1753,1750,1751,1747,1746,1746,1742,1747,1776,1840,1926,2006,2085,2155,2219,2280,2335,2386,2431,2471,2505,2535,2558,2581,2600,2616,2626,2639,2648,2656,2663,2667,2673,2678,2682,2698,2709,2716,2729,2743,2760,2777,2797,2817,2831,2842,2851,2860,2864,2868,2867,2874,2873,2874,2874,2870,2873,2872,2875,2873,2877,2873,2869,2867,2861,2857,2851,2844,2838,91.66666667
553,571,601,632,668,705,743,786,828,870,910,954,990,1030,1068,1102,1138,1172,1202,1232,1261,1286,1315,1341,1362,1386,1408,1429,1448,1467,1619,1724,1798,1857,1900,1933,1960,1979,1995,2007,2011,2014,2017,2017,2015,2013,2009,2006,2004,2002,1999,1997,1993,1993,1995,1993,1993,2032,2110,2200,2290,2375,2451,2517,2579,2634,2685,2731,2768,2802,2832,2853,2875,2891,2905,2917,2927,2933,2941,2947,2952,2957,2961,2962,2979,2988,2995,3004,3015,3031,3050,3066,3083,3098,3107,3117,3123,3128,3132,3134,3139,3138,3140,3140,3140,3139,3139,3141,3138,3139,3139,3135,3132,3126,3120,3115,3106,3101,88.8
507,518,539,560,585,610,637,668,698,729,760,792,821,853,883,910,939,965,992,1019,1044,1067,1089,1114,1134,1155,1175,1194,1214,1232,1380,1488,1569,1632,1679,1720,1750,1775,1796,1811,1826,1835,1842,1847,1853,1852,1857,1855,1852,1855,1854,1854,1854,1853,1853,1852,1853,1874,1923,1992,2066,2136,2204,2270,2322,2374,2417,2459,2491,2520,2543,2565,2583,2596,2611,2621,2630,2639,2641,2648,2652,2655,2658,2661,2677,2693,2714,2744,2772,2806,2835,2862,2881,2891,2901,2906,2911,2911,2912,2910,2912,2912,2911,2909,2911,2910,2912,2908,2910,2909,2911,2905,2900,2896,2888,2882,2877,2871,99.51219512
567,580,606,631,659,692,724,759,795,829,866,903,939,972,1008,1041,1074,1105,1133,1162,1191,1217,1243,1268,1291,1314,1336,1354,1374,1396,1545,1652,1725,1784,1827,1860,1888,1910,1926,1942,1947,1954,1957,1962,1964,1961,1956,1956,1954,1952,1950,1947,1944,1942,1943,1940,1941,1963,2024,2107,2190,2273,2344,2410,2471,2522,2568,2608,2646,2678,2704,2728,2752,2766,2782,2799,2808,2817,2825,2832,2841,2845,2850,2855,2885,2907,2929,2956,2983,3009,3032,3049,3056,3064,3068,3069,3068,3069,3066,3068,3068,3062,3062,3063,3059,3061,3059,3059,3059,3060,3060,3053,3048,3044,3040,3033,3027,3019,85.47008547
518,530,549,572,596,621,649,678,708,741,773,805,836,869,899,929,958,986,1013,1041,1067,1090,1117,1139,1160,1181,1203,1220,1242,1262,1412,1520,1603,1663,1713,1755,1786,1811,1831,1847,1858,1871,1876,1880,1882,1885,1885,1885,1882,1882,1882,1881,1879,1880,1877,1880,1878,1903,1962,2039,2121,2200,2270,2340,2399,2451,2498,2539,2576,2607,2635,2659,2681,2698,2712,2725,2736,2745,2749,2757,2761,2766,2771,2772,2791,2806,2827,2854,2882,2912,2938,2963,2978,2996,3006,3012,3020,3026,3029,3032,3032,3035,3034,3037,3035,3037,3035,3036,3037,3038,3039,3038,3034,3033,3033,3028,3023,3019,99.64664311
493,507,529,554,581,611,643,676,709,742,775,810,841,877,905,936,965,993,1020,1046,1071,1093,1118,1138,1160,1180,1198,1219,1235,1253,1390,1488,1557,1612,1654,1689,1713,1734,1747,1761,1766,1772,1773,1776,1775,1772,1773,1771,1768,1766,1764,1763,1762,1763,1763,1762,1765,1801,1869,1946,2023,2090,2150,2207,2260,2307,2350,2392,2428,2459,2489,2510,2533,2548,2565,2579,2590,2599,2610,2612,2621,2625,2628,2634,2654,2662,2667,2675,2685,2695,2709,2723,2740,2753,2766,2777,2785,2793,2800,2805,2805,2811,2811,2812,2817,2817,2818,2821,2820,2820,2821,2820,2816,2813,2807,2805,2798,2794,88.01652893
546,558,585,612,640,673,709,745,783,820,858,897,936,972,1008,1041,1076,1110,1139,1168,1196,1226,1253,1278,1302,1326,1348,1371,1389,1411,1568,1680,1759,1818,1869,1907,1935,1955,1974,1986,1998,2000,2005,2005,2005,2004,2004,2000,1995,1993,1992,1990,1988,1985,1985,1984,1983,2015,2085,2173,2262,2344,2420,2486,2548,2600,2651,2693,2731,2763,2791,2814,2834,2851,2863,2875,2885,2895,2901,2909,2912,2915,2918,2920,2937,2944,2956,2972,2996,3030,3061,3091,3111,3127,3141,3148,3155,3159,3162,3165,3164,3169,3165,3165,3167,3170,3168,3169,3170,3167,3168,3165,3160,3158,3148,3145,3142,3137,98.05825243
546,559,581,606,631,660,691,723,758,790,826,861,894,929,962,993,1026,1059,1085,1114,1140,1167,1193,1217,1241,1264,1289,1306,1327,1348,1509,1622,1710,1776,1827,1868,1904,1928,1945,1963,1973,1984,1992,1995,1995,1998,1998,1998,1998,1997,1996,1992,1990,1992,1992,1993,1991,2026,2093,2178,2266,2350,2426,2493,2557,2615,2664,2711,2750,2782,2811,2836,2861,2875,2893,2903,2917,2924,2929,2938,2940,2945,2948,2955,2975,2981,2988,2995,3012,3026,3049,3070,3092,3112,3129,3141,3152,3160,3169,3171,3176,3176,3179,3182,3186,3179,3185,3185,3184,3185,3184,3187,3183,3181,3181,3177,3175,3168,96
504,516,541,566,593,623,654,691,725,759,794,830,862,896,926,959,987,1015,1043,1067,1097,1119,1141,1162,1184,1204,1223,1245,1260,1277,1415,1516,1587,1642,1685,1719,1744,1763,1780,1792,1799,1802,1807,1808,1807,1806,1803,1801,1798,1795,1794,1791,1790,1786,1787,1788,1787,1820,1893,1984,2078,2167,2242,2309,2371,2427,2472,2512,2548,2580,2607,2629,2650,2667,2681,2691,2701,2711,2716,2723,2729,2737,2739,2742,2761,2767,2779,2784,2795,2808,2827,2845,2862,2878,2891,2904,2913,2920,2921,2928,2930,2929,2930,2931,2932,2930,2931,2930,2929,2930,2931,2927,2921,2921,2918,2913,2908,2902,97.52066116
294,304,320,341,362,384,406,429,452,474,493,515,534,553,571,585,602,616,630,642,655,666,678,690,698,708,715,725,730,738,793,828,850,868,879,888,894,899,902,904,904,902,900,898,896,894,890,887,884,882,880,877,877,875,875,873,873,888,923,965,1008,1051,1084,1115,1139,1164,1184,1199,1216,1229,1239,1249,1256,1261,1266,1273,1275,1278,1283,1285,1287,1290,1291,1294,1305,1310,1315,1315,1319,1321,1323,1324,1327,1329,1328,1328,1332,1330,1331,1334,1335,1337,1334,1335,1338,1336,1339,1340,1339,1339,1339,1340,1341,1339,1335,1333,1333,1328,100
337,350,371,391,415,441,468,494,521,546,573,598,621,644,667,689,709,728,745,762,779,795,809,823,838,850,861,875,887,897,984,1042,1085,1117,1143,1160,1174,1185,1192,1200,1200,1203,1204,1202,1200,1198,1196,1195,1190,1188,1187,1183,1184,1181,1181,1177,1178,1192,1224,1267,1313,1354,1393,1428,1461,1492,1523,1549,1573,1597,1617,1631,1648,1659,1670,1680,1687,1693,1699,1703,1708,1711,1715,1718,1734,1744,1753,1761,1779,1792,1807,1818,1831,1837,1844,1845,1847,1848,1850,1850,1852,1851,1849,1851,1850,1848,1849,1848,1849,1848,1848,1844,1842,1837,1833,1829,1824,1822,100
497,510,533,554,577,605,633,663,694,726,758,792,822,853,886,915,945,976,1002,1030,1055,1079,1103,1125,1147,1169,1189,1207,1227,1246,1388,1493,1567,1623,1664,1697,1722,1744,1759,1769,1778,1783,1781,1785,1784,1783,1780,1776,1775,1770,1769,1764,1763,1762,1761,1760,1760,1787,1854,1937,2019,2103,2177,2245,2304,2359,2402,2445,2482,2511,2540,2559,2579,2597,2607,2618,2627,2634,2642,2648,2651,2656,2660,2664,2680,2698,2721,2750,2782,2811,2835,2853,2865,2874,2874,2876,2877,2876,2878,2877,2875,2873,2874,2873,2873,2872,2869,2874,2870,2869,2868,2865,2858,2856,2851,2844,2837,2832,100
425,435,448,466,484,504,525,546,569,591,614,639,663,689,712,735,758,781,804,825,846,866,885,904,923,940,957,974,990,1006,1133,1228,1301,1358,1400,1437,1466,1487,1507,1522,1532,1542,1548,1552,1555,1556,1557,1558,1557,1556,1553,1555,1553,1553,1554,1555,1554,1573,1624,1689,1761,1830,1896,1958,2014,2064,2112,2152,2190,2220,2244,2268,2286,2301,2316,2325,2335,2344,2349,2355,2359,2363,2369,2369,2386,2397,2410,2426,2442,2461,2485,2506,2526,2541,2556,2564,2571,2572,2577,2580,2578,2579,2579,2578,2578,2578,2578,2580,2578,2575,2578,2578,2573,2570,2567,2564,2559,2553,100
480,496,521,547,577,610,642,678,716,749,786,822,855,889,920,950,979,1009,1033,1058,1084,1105,1128,1148,1168,1188,1206,1225,1243,1259,1385,1474,1539,1586,1620,1652,1671,1688,1697,1706,1710,1711,1714,1713,1709,1706,1704,1700,1695,1694,1691,1689,1686,1683,1681,1683,1681,1708,1767,1838,1911,1977,2040,2095,2146,2192,2233,2272,2305,2334,2359,2381,2400,2416,2429,2438,2449,2455,2461,2468,2471,2476,2479,2481,2494,2506,2520,2537,2560,2582,2608,2628,2646,2656,2666,2668,2671,2673,2675,2674,2676,2674,2676,2675,2673,2674,2674,2671,2672,2672,2670,2668,2661,2656,2651,2647,2639,2635,100
384,397,417,439,464,492,521,549,578,606,634,660,685,709,733,754,775,796,812,833,850,865,881,897,909,922,938,949,961,974,1064,1131,1181,1219,1246,1269,1287,1298,1311,1321,1325,1331,1329,1331,1330,1330,1327,1326,1326,1324,1322,1322,1321,1322,1321,1322,1323,1352,1404,1468,1528,1586,1634,1680,1721,1761,1800,1830,1861,1886,1908,1928,1945,1958,1972,1980,1989,1997,2005,2008,2013,2016,2021,2024,2038,2051,2062,2076,2091,2112,2128,2147,2159,2168,2177,2181,2185,2186,2186,2186,2184,2188,2185,2187,2187,2185,2186,2186,2186,2186,2185,2185,2180,2176,2173,2169,2166,2158,100
407,421,442,467,494,524,555,586,618,650,678,709,737,763,789,813,836,859,881,899,919,938,956,973,989,1002,1018,1030,1044,1056,1157,1229,1280,1321,1352,1377,1394,1410,1420,1429,1437,1439,1440,1443,1441,1441,1439,1439,1438,1437,1434,1434,1434,1434,1436,1435,1439,1473,1534,1597,1668,1729,1782,1834,1880,1924,1962,1996,2028,2054,2077,2097,2111,2126,2138,2145,2155,2162,2166,2171,2176,2181,2184,2187,2204,2213,2224,2244,2264,2285,2306,2323,2341,2351,2357,2364,2367,2367,2369,2370,2372,2371,2370,2368,2369,2369,2367,2372,2369,2369,2366,2365,2360,2357,2354,2348,2345,2339,100
389,403,426,450,478,509,539,570,602,633,663,689,716,742,766,789,809,833,850,869,888,906,923,937,951,964,979,989,1003,1014,1105,1171,1214,1248,1274,1296,1310,1321,1328,1335,1337,1337,1337,1336,1332,1329,1326,1323,1319,1317,1313,1311,1312,1307,1308,1306,1307,1332,1384,1444,1505,1555,1607,1651,1695,1733,1770,1804,1832,1861,1884,1903,1920,1937,1948,1960,1968,1980,1984,1991,1997,2001,2003,2009,2032,2046,2057,2071,2088,2104,2120,2134,2146,2152,2156,2159,2160,2160,2161,2159,2160,2162,2158,2160,2158,2158,2160,2158,2158,2159,2157,2163,2160,2157,2154,2150,2147,2141,100
433,447,467,490,513,541,568,595,627,659,690,722,753,783,812,840,869,895,923,947,970,993,1014,1035,1055,1075,1093,1112,1130,1144,1278,1372,1440,1491,1529,1563,1585,1598,1615,1623,1631,1632,1636,1635,1635,1631,1628,1625,1623,1621,1619,1616,1616,1613,1615,1614,1615,1648,1710,1785,1857,1926,1987,2043,2096,2146,2190,2230,2260,2292,2313,2335,2352,2367,2379,2386,2395,2401,2408,2413,2416,2419,2421,2426,2440,2454,2471,2498,2528,2558,2580,2603,2619,2629,2636,2638,2641,2642,2641,2641,2643,2642,2641,2642,2642,2643,2640,2642,2641,2641,2640,2638,2633,2630,2622,2619,2613,2606,100
463,472,487,505,524,545,567,590,612,636,658,682,705,726,749,767,787,807,825,842,861,875,892,906,922,936,950,963,977,987,1087,1160,1215,1257,1293,1320,1344,1363,1377,1388,1397,1404,1408,1413,1415,1417,1418,1421,1419,1419,1419,1419,1419,1420,1420,1423,1422,1456,1507,1570,1631,1690,1742,1792,1834,1871,1914,1949,1979,2005,2030,2051,2070,2086,2097,2110,2118,2127,2137,2143,2149,2154,2159,2162,2184,2194,2204,2209,2218,2231,2247,2260,2273,2284,2293,2301,2304,2307,2312,2312,2312,2314,2313,2316,2311,2315,2316,2314,2315,2316,2314,2315,2310,2307,2301,2298,2294,2289,100
416,428,451,474,503,533,562,594,626,656,683,712,737,763,787,810,833,853,872,890,909,926,941,957,971,985,998,1012,1020,1034,1126,1192,1239,1274,1305,1327,1346,1359,1370,1378,1383,1388,1390,1392,1392,1393,1392,1391,1391,1390,1392,1391,1392,1390,1395,1395,1397,1432,1492,1552,1614,1671,1721,1767,1809,1849,1887,1918,1944,1971,1991,2006,2022,2035,2047,2057,2063,2071,2076,2080,2086,2086,2089,2093,2108,2117,2126,2141,2151,2168,2185,2197,2209,2217,2224,2231,2231,2234,2236,2237,2239,2237,2238,2238,2236,2238,2239,2238,2238,2239,2238,2236,2232,2230,2228,2221,2220,2214,100
500,510,532,552,577,603,630,657,689,718,748,779,808,839,866,896,922,946,972,995,1017,1039,1058,1079,1099,1118,1137,1152,1169,1187,1311,1403,1474,1527,1567,1598,1621,1640,1654,1665,1670,1674,1675,1675,1673,1671,1671,1665,1662,1659,1658,1653,1651,1652,1651,1650,1650,1688,1767,1863,1959,2048,2127,2200,2259,2319,2368,2413,2452,2485,2516,2538,2557,2578,2592,2605,2615,2624,2632,2637,2642,2648,2650,2654,2678,2692,2707,2722,2740,2764,2786,2806,2823,2838,2850,2858,2860,2864,2862,2867,2870,2867,2871,2872,2869,2869,2872,2870,2868,2867,2869,2863,2860,2855,2853,2848,2842,2838,100
393,405,423,444,468,492,518,545,571,597,622,649,673,697,720,741,761,783,801,820,837,852,869,885,897,911,925,936,950,961,1055,1122,1171,1210,1241,1265,1284,1299,1309,1320,1327,1330,1332,1334,1333,1333,1333,1332,1329,1328,1328,1323,1326,1326,1324,1323,1326,1349,1402,1466,1533,1597,1654,1708,1756,1795,1837,1871,1903,1930,1953,1972,1990,2004,2016,2029,2038,2046,2053,2061,2066,2071,2074,2077,2098,2109,2116,2126,2136,2149,2163,2178,2192,2208,2218,2224,2233,2238,2241,2244,2246,2248,2248,2249,2250,2249,2250,2248,2249,2251,2247,2248,2246,2244,2240,2238,2234,2230,100
498,516,541,571,603,635,669,707,741,777,814,849,883,916,947,976,1005,1033,1059,1084,1108,1130,1153,1174,1194,1216,1232,1249,1268,1281,1406,1491,1549,1594,1628,1655,1674,1689,1700,1707,1710,1713,1715,1715,1712,1707,1705,1702,1699,1696,1693,1693,1689,1685,1685,1685,1684,1711,1770,1849,1922,1995,2061,2116,2171,2214,2254,2292,2321,2346,2368,2385,2401,2416,2424,2436,2441,2447,2453,2457,2461,2463,2465,2468,2480,2485,2491,2494,2502,2510,2517,2528,2533,2544,2550,2556,2562,2563,2567,2570,2573,2573,2575,2576,2577,2578,2579,2579,2578,2578,2579,2580,2577,2573,2572,2566,2564,2557,100
465,484,517,553,594,637,680,729,773,818,864,905,942,980,1019,1049,1080,1110,1137,1167,1189,1213,1233,1259,1275,1294,1309,1325,1342,1354,1462,1528,1569,1600,1619,1638,1644,1649,1654,1654,1649,1645,1640,1631,1629,1620,1611,1609,1602,1594,1589,1585,1582,1579,1576,1577,1573,1611,1692,1781,1873,1958,2024,2081,2130,2168,2205,2230,2251,2272,2283,2294,2304,2313,2320,2328,2329,2334,2336,2339,2341,2344,2345,2346,2359,2359,2363,2360,2365,2363,2366,2371,2372,2375,2378,2380,2383,2385,2388,2391,2390,2392,2393,2393,2396,2397,2395,2396,2396,2397,2397,2398,2396,2389,2391,2389,2386,2385,100
629,664,711,760,812,863,917,971,1018,1070,1117,1163,1207,1248,1286,1319,1354,1387,1415,1444,1468,1492,1516,1538,1556,1573,1591,1610,1623,1640,1743,1802,1839,1870,1884,1903,1918,1930,1934,1942,1940,1947,1948,1947,1947,1946,1945,1946,1942,1941,1940,1934,1937,1938,1937,1936,1934,1949,1986,2036,2080,2122,2154,2189,2210,2231,2252,2265,2278,2290,2297,2309,2315,2320,2325,2330,2333,2336,2337,2340,2344,2344,2347,2348,2356,2361,2360,2364,2363,2365,2365,2365,2365,2371,2370,2374,2376,2377,2381,2381,2385,2387,2390,2388,2388,2390,2391,2387,2390,2390,2390,2386,2384,2380,2377,2375,2371,2366,100
473,486,507,530,555,581,610,641,674,705,736,768,800,829,860,886,913,940,964,988,1012,1034,1055,1076,1094,1116,1132,1150,1168,1184,1310,1403,1472,1525,1565,1593,1618,1636,1650,1656,1666,1668,1670,1669,1667,1665,1663,1660,1657,1654,1652,1650,1644,1649,1648,1650,1649,1689,1765,1847,1931,2005,2072,2133,2190,2243,2292,2337,2376,2411,2442,2467,2488,2507,2522,2534,2545,2554,2561,2568,2572,2578,2579,2586,2601,2612,2623,2642,2664,2694,2724,2754,2774,2793,2804,2812,2819,2822,2822,2824,2824,2825,2825,2827,2827,2826,2824,2824,2823,2821,2824,2819,2818,2811,2810,2804,2800,2794,100
404,417,439,462,487,514,542,572,602,630,659,687,713,739,765,786,808,829,849,867,886,901,920,935,950,964,978,992,1004,1015,1109,1176,1227,1264,1294,1317,1334,1351,1361,1368,1374,1378,1381,1379,1378,1379,1380,1377,1375,1376,1375,1375,1373,1374,1376,1376,1375,1410,1465,1532,1595,1652,1707,1754,1800,1842,1880,1915,1947,1971,1996,2016,2030,2047,2060,2072,2079,2087,2094,2097,2105,2106,2110,2112,2131,2142,2156,2178,2203,2229,2259,2277,2291,2302,2309,2315,2317,2318,2320,2319,2320,2320,2319,2319,2320,2318,2320,2320,2318,2318,2318,2316,2313,2309,2304,2300,2294,2290,100
485,497,516,537,560,587,613,644,673,702,733,765,797,826,857,883,912,937,962,988,1011,1033,1055,1078,1098,1118,1138,1154,1173,1189,1325,1424,1497,1555,1598,1634,1658,1682,1700,1713,1722,1728,1733,1735,1735,1733,1735,1732,1730,1728,1726,1725,1725,1723,1722,1721,1723,1751,1817,1899,1987,2065,2141,2208,2267,2324,2371,2417,2456,2488,2517,2543,2562,2579,2594,2605,2616,2626,2632,2638,2643,2647,2651,2655,2672,2685,2702,2727,2757,2792,2827,2855,2876,2889,2898,2906,2909,2911,2912,2914,2914,2914,2912,2914,2913,2912,2913,2912,2912,2911,2909,2906,2903,2899,2896,2890,2885,2878,100
410,427,453,480,512,546,580,616,651,682,715,745,774,800,828,852,874,897,916,935,956,973,990,1005,1021,1035,1049,1062,1075,1085,1174,1234,1272,1301,1323,1341,1351,1361,1368,1372,1375,1375,1377,1374,1373,1369,1368,1364,1360,1358,1355,1355,1350,1349,1347,1345,1347,1358,1392,1437,1483,1526,1565,1600,1631,1657,1684,1706,1728,1742,1760,1772,1787,1794,1802,1812,1817,1823,1827,1832,1836,1838,1841,1844,1861,1869,1879,1889,1902,1914,1926,1940,1950,1958,1963,1969,1973,1972,1974,1973,1974,1974,1971,1972,1972,1971,1969,1971,1969,1969,1971,1965,1963,1958,1955,1952,1947,1943,100
338,348,365,383,403,422,444,466,486,505,524,543,557,574,589,603,617,629,643,653,663,676,685,693,702,710,718,725,734,740,796,838,868,890,909,925,932,941,950,955,954,962,961,964,965,966,966,968,969,969,969,972,975,975,978,980,984,1024,1073,1118,1157,1188,1217,1246,1271,1300,1324,1352,1376,1400,1419,1438,1458,1470,1487,1497,1507,1517,1525,1532,1538,1544,1548,1552,1576,1590,1601,1605,1609,1616,1624,1631,1637,1645,1653,1660,1665,1667,1671,1673,1676,1678,1680,1678,1681,1679,1681,1682,1678,1681,1680,1680,1676,1667,1663,1662,1659,1658,100
394,407,430,455,486,518,544,578,608,639,667,697,720,747,771,794,813,835,855,870,889,905,924,936,952,961,977,987,1003,1011,1103,1161,1208,1246,1271,1294,1311,1321,1331,1334,1338,1341,1343,1338,1337,1337,1336,1331,1328,1326,1324,1319,1324,1320,1321,1322,1321,1354,1413,1477,1541,1600,1652,1696,1742,1780,1817,1849,1879,1905,1926,1945,1961,1976,1990,1996,2006,2014,2018,2022,2028,2034,2034,2037,2053,2057,2066,2073,2084,2101,2116,2138,2154,2173,2184,2194,2202,2204,2211,2210,2210,2212,2211,2214,2210,2213,2212,2211,2211,2211,2213,2208,2208,2205,2199,2196,2195,2192,100
336,350,372,398,426,453,484,513,543,569,597,621,645,668,689,709,729,745,763,779,795,807,823,834,846,857,869,880,892,899,970,1020,1053,1078,1094,1108,1117,1124,1126,1129,1130,1128,1124,1121,1118,1115,1110,1108,1103,1102,1100,1098,1096,1096,1096,1096,1097,1126,1180,1244,1301,1354,1399,1441,1479,1514,1545,1573,1597,1619,1637,1651,1663,1675,1683,1691,1698,1703,1706,1712,1715,1719,1720,1723,1734,1744,1746,1751,1755,1759,1765,1769,1776,1779,1785,1786,1790,1792,1792,1795,1796,1796,1794,1793,1793,1795,1794,1794,1793,1793,1792,1790,1787,1782,1780,1777,1774,1770,100
366,379,397,421,446,472,497,527,555,583,609,635,657,681,703,725,745,763,783,800,816,833,848,863,876,890,903,915,925,936,1025,1086,1133,1169,1194,1216,1233,1244,1252,1257,1261,1262,1262,1261,1258,1258,1253,1252,1250,1248,1245,1243,1245,1238,1240,1242,1244,1274,1330,1395,1456,1512,1563,1610,1653,1693,1729,1761,1793,1816,1836,1855,1871,1885,1895,1906,1914,1920,1927,1933,1935,1938,1943,1946,1957,1965,1972,1981,1993,2008,2027,2043,2059,2067,2076,2082,2085,2087,2087,2087,2086,2087,2087,2087,2086,2085,2087,2084,2084,2085,2084,2080,2078,2076,2073,2071,2066,2060,100
457,469,491,512,536,563,590,619,649,677,708,737,765,793,820,845,873,896,920,941,962,983,1003,1023,1041,1058,1074,1093,1109,1125,1252,1343,1413,1465,1508,1540,1563,1585,1599,1606,1615,1620,1623,1623,1622,1621,1621,1614,1617,1613,1614,1612,1613,1612,1612,1612,1614,1658,1728,1810,1890,1966,2030,2091,2148,2203,2254,2295,2337,2371,2401,2427,2448,2466,2481,2494,2505,2512,2524,2527,2535,2538,2543,2548,2567,2575,2586,2598,2614,2638,2663,2689,2709,2727,2741,2747,2752,2754,2758,2757,2758,2759,2758,2759,2758,2758,2756,2759,2757,2757,2759,2755,2751,2743,2742,2736,2735,2742,100
599,611,634,658,686,716,746,780,813,848,885,920,955,990,1022,1054,1087,1119,1147,1177,1204,1232,1256,1285,1306,1333,1353,1375,1397,1417,1582,1704,1794,1866,1920,1964,1999,2025,2046,2058,2070,2077,2084,2085,2089,2088,2086,2081,2083,2079,2081,2081,2078,2077,2079,2080,2082,2136,2231,2341,2447,2549,2640,2724,2798,2868,2933,2989,3041,3085,3122,3157,3185,3212,3228,3245,3263,3273,3286,3294,3303,3311,3316,3324,3357,3373,3390,3408,3427,3452,3476,3502,3526,3543,3557,3568,3573,3581,3586,3586,3590,3591,3592,3596,3595,3593,3596,3594,3595,3598,3595,3593,3591,3591,3583,3575,3571,3562,100
472,485,508,532,558,586,617,650,682,716,750,782,815,846,873,906,936,964,990,1016,1040,1064,1086,1109,1129,1149,1171,1187,1207,1225,1362,1462,1536,1589,1632,1665,1692,1709,1724,1735,1740,1745,1746,1747,1744,1744,1744,1737,1736,1733,1732,1728,1726,1724,1725,1725,1726,1757,1824,1907,1988,2065,2135,2200,2260,2311,2362,2400,2439,2465,2494,2516,2532,2548,2562,2572,2580,2585,2592,2597,2603,2605,2605,2610,2621,2629,2641,2657,2674,2699,2726,2746,2768,2781,2790,2797,2802,2799,2803,2804,2804,2803,2803,2803,2803,2803,2804,2801,2803,2800,2799,2796,2788,2790,2784,2775,2772,2766,100
453,468,488,511,538,568,597,629,663,695,728,760,791,821,852,881,907,935,960,984,1010,1032,1051,1073,1092,1111,1129,1147,1162,1179,1304,1394,1460,1506,1545,1571,1595,1611,1625,1631,1638,1638,1639,1639,1638,1633,1630,1627,1624,1621,1618,1617,1615,1612,1611,1610,1612,1641,1707,1791,1877,1956,2026,2092,2154,2205,2252,2290,2326,2356,2381,2401,2418,2433,2444,2454,2460,2467,2472,2476,2481,2483,2486,2487,2500,2506,2511,2517,2528,2539,2547,2560,2572,2584,2592,2603,2604,2610,2612,2615,2618,2616,2619,2619,2619,2618,2617,2619,2616,2616,2616,2612,2607,2603,2597,2593,2587,2583,100
486,501,523,545,570,601,627,661,691,726,756,790,820,853,883,913,939,968,993,1020,1043,1067,1089,1112,1130,1153,1172,1191,1208,1225,1362,1460,1535,1592,1632,1667,1692,1713,1727,1739,1748,1754,1756,1755,1757,1755,1752,1751,1747,1747,1744,1740,1740,1740,1741,1740,1740,1770,1834,1912,1995,2071,2141,2204,2266,2318,2366,2410,2445,2478,2503,2527,2541,2561,2568,2582,2590,2595,2603,2607,2613,2616,2621,2623,2639,2651,2670,2696,2723,2756,2785,2808,2824,2831,2839,2843,2845,2844,2848,2847,2846,2847,2845,2844,2843,2846,2845,2846,2841,2841,2839,2834,2826,2818,2813,2806,2800,2795,100
507,520,541,560,585,612,637,667,696,727,757,787,816,845,873,902,931,956,981,1007,1030,1052,1074,1095,1116,1136,1155,1174,1191,1208,1346,1450,1527,1585,1634,1669,1700,1722,1739,1752,1765,1770,1774,1777,1776,1777,1775,1774,1773,1773,1769,1766,1766,1765,1767,1766,1767,1802,1870,1956,2044,2124,2205,2273,2339,2396,2449,2496,2533,2569,2598,2623,2647,2661,2679,2690,2701,2709,2716,2722,2726,2731,2736,2741,2759,2774,2789,2809,2831,2854,2876,2898,2913,2923,2930,2935,2935,2938,2935,2939,2938,2939,2938,2939,2938,2938,2936,2934,2935,2934,2936,2930,2927,2920,2916,2909,2901,2896,100
543,558,582,607,636,665,693,727,759,791,824,856,887,916,945,971,1000,1026,1050,1072,1096,1118,1138,1160,1178,1197,1213,1230,1246,1264,1386,1474,1538,1587,1625,1657,1678,1697,1710,1721,1729,1734,1739,1744,1744,1747,1748,1748,1750,1751,1751,1753,1757,1759,1761,1764,1770,1825,1911,2006,2093,2176,2250,2317,2374,2428,2477,2519,2555,2584,2608,2632,2651,2666,2679,2690,2699,2705,2711,2716,2723,2725,2729,2731,2750,2763,2780,2803,2832,2859,2882,2902,2914,2926,2931,2935,2938,2938,2939,2938,2940,2940,2941,2941,2937,2941,2938,2939,2938,2939,2936,2930,2928,2924,2917,2913,2907,2900,100
466,478,500,523,548,577,603,633,665,696,727,759,789,819,851,877,906,934,961,985,1009,1032,1055,1076,1094,1116,1136,1153,1172,1189,1321,1419,1491,1547,1586,1619,1646,1666,1681,1692,1698,1703,1707,1707,1708,1707,1704,1701,1699,1697,1694,1692,1691,1688,1692,1688,1689,1712,1771,1845,1921,1993,2060,2121,2175,2226,2272,2308,2343,2370,2395,2418,2431,2447,2460,2468,2475,2482,2487,2490,2496,2499,2503,2503,2521,2537,2561,2591,2626,2660,2687,2706,2717,2726,2730,2731,2731,2733,2731,2733,2731,2732,2730,2733,2731,2731,2729,2730,2729,2729,2731,2724,2721,2716,2711,2704,2697,2693,100
459,473,493,516,545,574,604,634,667,701,735,770,799,832,865,894,923,951,978,1004,1029,1051,1073,1095,1116,1135,1154,1173,1191,1207,1337,1428,1494,1541,1578,1605,1626,1642,1652,1657,1661,1663,1661,1657,1652,1650,1644,1638,1633,1628,1626,1621,1615,1614,1612,1608,1608,1632,1701,1787,1879,1959,2031,2099,2156,2206,2250,2287,2320,2346,2371,2392,2406,2420,2430,2441,2447,2454,2459,2466,2466,2469,2477,2477,2491,2501,2513,2530,2553,2574,2601,2619,2632,2645,2649,2654,2656,2657,2655,2656,2656,2656,2654,2659,2655,2655,2655,2654,2654,2653,2653,2649,2646,2642,2640,2633,2625,2618,100
485,495,511,530,547,568,591,614,637,662,690,712,739,765,789,814,841,863,885,909,932,952,974,995,1014,1033,1052,1068,1086,1103,1241,1345,1425,1488,1539,1578,1612,1636,1656,1673,1684,1693,1699,1704,1706,1707,1707,1709,1707,1707,1708,1708,1708,1706,1708,1709,1712,1752,1826,1914,2002,2090,2168,2243,2314,2378,2437,2492,2539,2580,2615,2649,2672,2693,2710,2728,2742,2753,2763,2769,2778,2783,2788,2794,2822,2845,2865,2889,2920,2952,2978,2999,3016,3026,3032,3032,3037,3039,3037,3038,3035,3036,3037,3036,3038,3036,3038,3036,3035,3035,3033,3030,3024,2927,2917,2914,2955,2973,100
453,464,481,500,520,543,565,589,618,644,670,697,722,748,774,796,822,845,866,889,910,928,949,968,985,1000,1018,1034,1048,1064,1182,1271,1336,1382,1422,1452,1476,1494,1508,1519,1526,1529,1531,1533,1533,1532,1530,1529,1529,1525,1524,1523,1523,1523,1522,1522,1525,1558,1622,1699,1770,1835,1898,1954,2007,2057,2104,2149,2183,2220,2250,2275,2300,2319,2335,2348,2359,2370,2380,2389,2395,2398,2405,2409,2435,2451,2465,2481,2498,2516,2532,2548,2557,2568,2578,2582,2586,2589,2592,2593,2594,2595,2597,2597,2596,2599,2597,2597,2599,2599,2596,2599,2596,2587,2584,2579,2577,2569,100
477,490,512,534,561,589,618,648,682,714,746,779,808,839,870,898,928,955,980,1005,1029,1053,1075,1098,1118,1137,1156,1175,1190,1208,1339,1433,1498,1549,1587,1616,1640,1655,1667,1674,1681,1683,1682,1682,1681,1678,1673,1670,1669,1666,1664,1662,1661,1660,1658,1659,1661,1698,1769,1849,1929,1999,2066,2126,2183,2235,2282,2321,2358,2392,2416,2438,2455,2470,2487,2495,2506,2512,2517,2523,2528,2530,2537,2536,2555,2571,2589,2610,2637,2664,2685,2703,2717,2720,2726,2728,2730,2730,2729,2732,2730,2730,2730,2731,2730,2730,2731,2728,2727,2729,2727,2723,2719,2716,2719,2713,2709,2703,100
496,507,526,548,570,595,620,648,677,706,736,765,794,822,850,877,904,929,953,977,1002,1022,1043,1067,1086,1106,1124,1142,1160,1176,1314,1413,1488,1544,1589,1622,1652,1674,1691,1707,1715,1721,1723,1728,1729,1730,1731,1730,1728,1728,1727,1725,1726,1724,1726,1725,1726,1757,1818,1891,1966,2040,2109,2169,2226,2281,2329,2370,2405,2439,2462,2485,2503,2517,2531,2544,2550,2559,2565,2572,2574,2578,2581,2586,2608,2631,2656,2691,2723,2755,2782,2800,2813,2818,2820,2824,2823,2824,2825,2826,2823,2828,2824,2824,2824,2823,2822,2822,2822,2820,2822,2815,2810,2806,2798,2790,2788,2779,100
329,341,356,372,390,409,429,451,474,497,520,544,567,585,613,632,652,673,691,708,727,742,757,773,786,801,815,827,839,851,944,1010,1056,1091,1116,1137,1153,1166,1176,1180,1186,1189,1189,1187,1189,1187,1187,1184,1181,1180,1180,1177,1176,1176,1177,1176,1174,1196,1241,1293,1347,1393,1443,1485,1523,1559,1589,1616,1638,1659,1675,1690,1703,1712,1719,1726,1733,1736,1738,1744,1748,1750,1751,1755,1765,1778,1795,1819,1842,1866,1884,1897,1905,1909,1911,1912,1913,1912,1911,1911,1912,1911,1910,1909,1910,1908,1909,1907,1907,1908,1906,1902,1899,1894,1892,1887,1884,1880,100
526,539,563,587,615,645,677,711,745,781,815,851,885,919,952,984,1014,1043,1071,1098,1123,1149,1173,1194,1217,1240,1259,1280,1298,1316,1455,1554,1627,1683,1721,1751,1775,1793,1804,1817,1819,1823,1823,1821,1817,1812,1809,1805,1799,1795,1792,1790,1786,1782,1780,1779,1779,1803,1866,1949,2029,2107,2181,2246,2309,2365,2418,2464,2507,2542,2573,2604,2626,2648,2665,2683,2694,2704,2717,2724,2733,2738,2745,2752,2787,2812,2840,2867,2896,2928,2945,2962,2970,2972,2976,2981,2978,2976,2978,2975,2973,2976,2975,2973,2975,2974,2973,2974,2972,2974,2974,2972,2969,2964,2958,2954,2949,2940,100
492,505,528,550,577,606,636,668,702,734,767,802,835,866,898,928,956,985,1011,1036,1063,1086,1108,1130,1153,1174,1193,1213,1231,1245,1384,1483,1553,1609,1651,1683,1706,1722,1737,1746,1751,1754,1757,1756,1754,1751,1748,1746,1744,1739,1739,1737,1734,1734,1735,1733,1736,1774,1848,1931,2009,2085,2150,2211,2269,2322,2369,2412,2451,2484,2508,2535,2553,2568,2583,2594,2603,2610,2619,2623,2627,2632,2634,2635,2651,2664,2679,2699,2728,2754,2778,2797,2812,2820,2826,2830,2831,2835,2829,2832,2833,2832,2834,2831,2832,2833,2831,2831,2829,2828,2828,2824,2821,2813,2807,2805,2797,2789,100
493,506,529,554,580,610,639,671,705,738,770,804,837,868,900,929,961,989,1015,1040,1065,1089,1112,1134,1156,1174,1196,1215,1234,1251,1390,1492,1566,1621,1663,1695,1722,1742,1756,1763,1770,1773,1772,1772,1770,1771,1768,1765,1762,1760,1757,1754,1751,1753,1753,1752,1754,1797,1867,1951,2032,2106,2176,2238,2296,2350,2400,2444,2484,2519,2547,2569,2593,2608,2620,2633,2646,2654,2658,2666,2668,2674,2677,2679,2696,2710,2729,2757,2789,2822,2852,2875,2890,2900,2904,2906,2909,2908,2909,2909,2909,2910,2911,2908,2909,2904,2907,2905,2905,2906,2904,2898,2894,2889,2883,2879,2871,2868,100
463,475,496,517,542,569,597,628,658,691,722,753,785,817,847,877,907,934,961,988,1013,1036,1060,1081,1104,1125,1145,1164,1182,1201,1341,1446,1515,1573,1620,1654,1679,1698,1715,1725,1730,1734,1737,1738,1737,1733,1729,1727,1724,1720,1717,1715,1714,1712,1711,1710,1710,1739,1801,1877,1952,2018,2082,2138,2190,2239,2282,2326,2360,2391,2417,2441,2459,2476,2489,2499,2508,2516,2524,2529,2534,2538,2538,2543,2559,2572,2591,2619,2651,2689,2722,2751,2769,2780,2787,2791,2795,2795,2795,2796,2797,2795,2793,2793,2797,2794,2795,2794,2795,2791,2791,2789,2786,2783,2777,2776,2767,2764,100
483,497,517,538,564,589,618,648,680,710,742,773,802,832,861,889,915,942,967,992,1017,1038,1059,1081,1099,1120,1138,1154,1173,1192,1324,1425,1501,1556,1601,1637,1664,1685,1701,1714,1721,1728,1730,1733,1731,1731,1729,1726,1725,1722,1721,1721,1720,1717,1718,1717,1722,1759,1828,1914,1996,2076,2142,2207,2266,2318,2370,2414,2455,2488,2519,2544,2566,2585,2601,2613,2624,2633,2641,2649,2656,2661,2663,2668,2690,2700,2714,2735,2758,2785,2814,2839,2857,2874,2883,2891,2895,2898,2899,2900,2901,2900,2901,2899,2900,2897,2898,2896,2896,2895,2897,2891,2889,2888,2882,2875,2870,2865,100
454,466,485,506,528,552,578,603,632,659,687,715,742,769,797,821,846,871,894,917,939,956,979,999,1016,1034,1051,1065,1081,1095,1207,1285,1339,1378,1411,1437,1459,1476,1492,1503,1514,1524,1530,1537,1544,1545,1551,1552,1555,1560,1562,1562,1564,1566,1569,1570,1572,1598,1629,1662,1692,1718,1745,1760,1780,1791,1802,1814,1823,1829,1836,1843,1844,1849,1854,1855,1859,1858,1859,1862,1862,1865,1865,1863,1869,1870,1875,1882,1892,1900,1908,1917,1924,1931,1933,1936,1938,1940,1940,1942,1942,1945,1943,1943,1944,1944,1944,1945,1946,1945,1943,1942,1938,1933,1928,1923,1918,1915,38.13229572
669,664,663,664,663,664,664,664,663,664,664,664,665,665,665,666,666,665,665,663,666,665,664,665,665,662,664,665,665,665,667,665,665,666,669,667,667,667,668,667,668,668,668,670,670,669,670,670,672,669,669,671,671,670,670,671,673,671,673,675,674,676,675,676,674,676,675,675,677,676,677,677,678,678,678,677,677,678,677,678,679,679,679,678,679,680,680,681,680,682,680,682,680,681,679,682,681,679,681,679,680,681,680,682,680,680,681,680,678,679,679,678,677,677,675,675,673,673,5.109489051
608,621,642,663,686,707,729,753,775,796,816,835,855,876,896,913,928,945,960,976,991,1003,1016,1027,1040,1051,1062,1076,1085,1096,1171,1232,1276,1312,1341,1363,1383,1401,1417,1429,1441,1452,1460,1466,1474,1482,1487,1493,1495,1502,1507,1505,1512,1517,1521,1525,1529,1563,1600,1634,1669,1697,1725,1747,1767,1787,1798,1815,1828,1838,1846,1857,1866,1872,1879,1880,1888,1890,1897,1897,1904,1907,1908,1914,1933,1948,1952,1963,1966,1974,1977,1985,1990,1992,1997,1999,2003,2007,2009,2013,2014,2016,2016,2019,2016,2021,2021,2018,2023,2020,2025,2025,2024,2021,2020,2018,2016,2014,28.0952381
431,434,447,459,472,483,497,510,524,538,552,566,578,594,607,621,635,647,661,672,684,696,706,717,728,737,748,758,766,777,849,907,951,987,1016,1041,1060,1077,1091,1104,1114,1123,1130,1134,1141,1146,1149,1154,1156,1160,1163,1164,1166,1167,1172,1172,1174,1202,1233,1271,1304,1337,1365,1391,1415,1438,1455,1475,1491,1506,1520,1535,1544,1560,1570,1579,1589,1599,1605,1612,1619,1623,1629,1635,1666,1683,1693,1698,1705,1713,1718,1722,1726,1731,1735,1738,1741,1743,1747,1747,1751,1751,1756,1757,1757,1757,1760,1760,1760,1761,1763,1765,1765,1765,1763,1764,1760,1759,35.0177305
427,437,456,475,496,518,538,560,585,606,627,652,672,693,713,731,750,766,783,800,815,831,844,857,872,884,895,907,919,928,1013,1076,1120,1155,1183,1205,1220,1235,1245,1254,1260,1266,1268,1271,1273,1276,1274,1274,1273,1275,1275,1277,1278,1278,1278,1281,1283,1309,1353,1401,1447,1488,1524,1555,1583,1609,1632,1654,1673,1691,1705,1718,1732,1744,1753,1759,1768,1775,1780,1786,1789,1794,1796,1802,1822,1835,1852,1866,1886,1905,1922,1942,1953,1964,1974,1979,1983,1984,1985,1987,1989,1986,1990,1989,1989,1989,1990,1989,1991,1991,1990,1990,1988,1985,1982,1979,1978,1973,57.33695652
787,786,795,797,805,810,817,820,827,832,837,843,849,852,858,861,868,872,879,881,886,890,898,898,905,907,912,914,921,923,953,983,1003,1022,1041,1048,1064,1073,1085,1094,1102,1110,1117,1121,1127,1129,1136,1143,1145,1147,1149,1154,1158,1161,1165,1166,1171,1189,1201,1217,1224,1233,1242,1245,1251,1255,1258,1262,1264,1267,1268,1273,1274,1272,1275,1278,1280,1279,1281,1283,1282,1285,1284,1288,1295,1297,1298,1301,1302,1304,1303,1307,1305,1306,1308,1311,1310,1310,1312,1310,1313,1311,1312,1313,1312,1313,1312,1316,1312,1312,1311,1314,1312,1313,1310,1310,1307,1306,18.18181818
632,637,650,663,676,689,702,718,733,746,763,776,791,805,820,835,847,861,873,886,898,908,920,931,942,953,963,971,983,990,1066,1123,1167,1203,1229,1253,1274,1290,1307,1320,1331,1341,1352,1359,1366,1373,1378,1383,1389,1395,1396,1400,1401,1407,1410,1415,1416,1443,1468,1492,1512,1533,1548,1563,1574,1585,1593,1599,1611,1615,1621,1628,1631,1636,1635,1643,1647,1650,1651,1652,1658,1657,1661,1662,1672,1680,1682,1684,1686,1688,1690,1693,1693,1694,1695,1695,1697,1699,1699,1701,1700,1700,1702,1702,1703,1704,1704,1704,1703,1704,1706,1705,1704,1703,1702,1700,1697,1697,15.98360656
678,696,722,749,780,811,842,874,907,940,974,1006,1036,1069,1099,1128,1156,1185,1211,1237,1261,1283,1306,1330,1347,1367,1387,1403,1422,1438,1570,1662,1731,1784,1822,1859,1892,1917,1940,1962,1981,1996,2009,2024,2036,2049,2057,2067,2076,2082,2088,2095,2101,2106,2110,2117,2118,2151,2174,2187,2201,2211,2222,2229,2236,2243,2246,2253,2256,2261,2264,2269,2271,2274,2276,2281,2280,2283,2286,2287,2287,2289,2291,2293,2297,2299,2300,2298,2298,2298,2301,2305,2306,2310,2312,2316,2319,2320,2325,2327,2326,2330,2332,2336,2333,2335,2337,2337,2337,2338,2336,2343,2340,2339,2339,2336,2333,2331,37.80068729
547,562,585,607,632,656,680,707,731,757,780,804,825,847,867,886,905,924,942,958,973,990,1004,1019,1031,1043,1058,1067,1079,1088,1175,1239,1285,1321,1349,1375,1394,1410,1427,1440,1447,1456,1465,1473,1476,1482,1487,1491,1496,1498,1499,1504,1506,1508,1511,1513,1517,1549,1591,1631,1674,1712,1744,1772,1796,1820,1835,1854,1868,1882,1895,1905,1915,1923,1931,1939,1945,1951,1956,1960,1965,1968,1970,1975,1995,2007,2015,2027,2037,2044,2052,2062,2071,2079,2085,2092,2097,2102,2106,2111,2114,2114,2116,2117,2117,2118,2121,2119,2121,2121,2122,2124,2122,2119,2118,2116,2112,2112,41.56626506
532,541,553,570,587,605,618,639,656,675,695,713,735,749,770,787,805,823,840,859,875,890,904,920,934,947,962,970,988,996,1099,1173,1231,1273,1308,1336,1361,1382,1395,1412,1426,1433,1440,1448,1454,1459,1463,1466,1471,1472,1476,1477,1481,1487,1486,1489,1491,1522,1558,1603,1643,1678,1709,1733,1756,1774,1791,1809,1823,1833,1845,1853,1863,1871,1876,1885,1890,1891,1896,1901,1904,1905,1908,1910,1926,1936,1946,1956,1968,1980,1992,1999,2006,2012,2014,2016,2024,2024,2025,2028,2028,2033,2030,2031,2032,2030,2035,2036,2035,2034,2035,2035,2035,2034,2033,2032,2032,2030,32.35294118
489,500,521,540,563,588,613,638,668,695,722,749,775,801,826,851,873,898,919,941,961,984,1000,1019,1036,1053,1070,1084,1100,1113,1230,1317,1377,1426,1463,1493,1519,1535,1550,1562,1572,1579,1583,1588,1589,1592,1592,1592,1594,1592,1594,1595,1594,1593,1598,1600,1601,1638,1696,1756,1817,1874,1925,1964,2007,2039,2072,2099,2125,2147,2168,2181,2200,2209,2221,2231,2239,2248,2250,2259,2261,2266,2269,2273,2289,2296,2303,2314,2324,2338,2351,2362,2375,2385,2391,2396,2400,2401,2401,2404,2403,2402,2405,2403,2403,2400,2399,2403,2398,2399,2397,2400,2412,2408,2408,2405,2396,2397,28.72340426
620,624,635,645,656,666,677,688,699,709,721,731,740,753,763,770,781,789,799,809,816,825,833,842,850,857,865,871,878,885,940,982,1014,1043,1064,1083,1099,1113,1126,1136,1146,1154,1162,1170,1177,1183,1188,1196,1199,1201,1206,1209,1214,1218,1220,1225,1228,1253,1276,1295,1312,1328,1340,1350,1361,1370,1374,1381,1385,1391,1393,1397,1402,1406,1408,1411,1414,1416,1417,1419,1420,1422,1424,1426,1436,1444,1449,1454,1460,1464,1469,1473,1477,1481,1485,1489,1493,1495,1499,1499,1501,1503,1505,1508,1510,1509,1513,1513,1514,1517,1515,1523,1526,1531,1531,1533,1533,1535,14.78599222
507,513,527,540,556,570,588,605,623,640,658,675,690,706,724,739,754,771,785,801,813,828,842,855,864,877,889,900,909,920,1005,1068,1116,1155,1186,1212,1233,1252,1267,1280,1292,1301,1309,1315,1323,1326,1333,1337,1340,1344,1348,1352,1353,1356,1360,1361,1366,1401,1440,1484,1521,1556,1585,1609,1632,1653,1669,1683,1696,1709,1718,1729,1736,1743,1750,1756,1761,1765,1768,1772,1776,1779,1780,1783,1801,1810,1820,1828,1835,1846,1854,1859,1869,1877,1882,1888,1892,1897,1900,1905,1907,1909,1911,1914,1919,1919,1920,1920,1924,1924,1927,1934,1939,1942,1942,1946,1944,1944,27.96709753
678,706,745,787,827,869,914,956,998,1041,1080,1118,1153,1191,1220,1252,1284,1314,1342,1365,1395,1414,1443,1460,1482,1501,1519,1535,1552,1566,1691,1773,1839,1888,1920,1953,1981,2004,2022,2036,2053,2065,2074,2084,2091,2095,2103,2108,2116,2120,2123,2125,2130,2133,2135,2138,2141,2165,2192,2219,2241,2261,2281,2290,2306,2312,2319,2326,2330,2334,2337,2338,2341,2345,2345,2346,2348,2350,2350,2349,2351,2352,2352,2350,2348,2353,2353,2360,2363,2366,2372,2379,2380,2386,2393,2394,2394,2393,2395,2394,2396,2400,2397,2398,2397,2397,2395,2396,2397,2397,2396,2393,2389,2388,2383,2382,2378,2372,33.18435754
372,380,394,408,424,440,457,474,490,506,525,540,555,571,583,597,610,622,634,646,657,667,678,689,696,705,713,720,728,735,790,826,852,869,885,897,905,913,919,925,928,930,934,935,936,938,939,940,942,941,943,943,944,942,943,946,948,960,978,995,1012,1025,1037,1047,1055,1062,1068,1074,1078,1082,1086,1088,1092,1093,1095,1099,1100,1096,1103,1106,1106,1109,1109,1110,1117,1121,1123,1127,1130,1131,1133,1132,1134,1134,1135,1136,1135,1137,1138,1138,1138,1141,1140,1140,1141,1141,1141,1143,1143,1143,1144,1146,1145,1146,1147,1150,1151,1149,21.76470588
600,608,623,636,649,667,682,697,717,733,750,768,783,799,818,834,848,863,877,890,904,917,930,941,954,963,976,986,997,1007,1084,1140,1185,1218,1242,1265,1280,1298,1312,1322,1333,1343,1348,1355,1361,1366,1371,1375,1381,1381,1387,1388,1391,1394,1398,1399,1403,1424,1440,1455,1468,1479,1488,1497,1504,1509,1510,1518,1520,1524,1526,1530,1531,1532,1532,1538,1538,1540,1541,1541,1541,1542,1544,1544,1549,1557,1564,1567,1573,1576,1581,1587,1590,1596,1598,1601,1603,1607,1611,1611,1614,1617,1617,1620,1620,1622,1622,1625,1626,1627,1627,1635,1639,1642,1644,1645,1645,1643,7.112068966
489,505,527,552,578,605,635,663,694,720,749,773,798,821,843,866,887,906,926,942,961,975,991,1005,1020,1033,1045,1057,1071,1080,1169,1228,1274,1307,1337,1360,1380,1392,1407,1416,1422,1429,1435,1439,1443,1445,1449,1452,1453,1454,1460,1459,1465,1466,1468,1469,1474,1512,1565,1614,1662,1705,1740,1775,1800,1826,1844,1860,1878,1891,1901,1913,1919,1929,1933,1939,1943,1948,1951,1955,1959,1961,1963,1965,1977,1981,1985,1987,1993,1994,1998,2001,2004,2006,2011,2012,2015,2018,2020,2025,2024,2026,2028,2029,2029,2031,2033,2031,2033,2034,2035,2036,2034,2032,2030,2026,2023,2023,33.5078534
771,766,773,777,781,787,789,795,799,804,809,814,816,823,829,832,835,840,844,848,852,856,861,864,867,869,876,879,881,884,915,940,961,979,996,1010,1022,1032,1042,1050,1058,1065,1074,1079,1084,1090,1094,1100,1103,1107,1111,1113,1117,1120,1124,1128,1130,1152,1164,1177,1183,1188,1195,1198,1202,1205,1208,1210,1211,1213,1214,1217,1217,1218,1219,1221,1220,1221,1222,1224,1225,1224,1227,1227,1230,1234,1236,1237,1239,1238,1239,1243,1242,1243,1243,1244,1243,1245,1245,1247,1245,1245,1247,1248,1249,1249,1249,1249,1248,1249,1248,1250,1252,1254,1254,1253,1256,1256,12.6984127
582,579,584,591,597,604,609,616,623,627,636,643,649,656,663,670,676,682,689,696,702,708,713,722,727,732,738,743,749,754,801,842,875,902,928,948,966,981,994,1007,1018,1027,1035,1045,1052,1057,1062,1068,1075,1077,1080,1085,1089,1092,1095,1098,1101,1120,1134,1146,1152,1161,1166,1170,1174,1180,1180,1182,1185,1188,1189,1191,1193,1193,1195,1196,1197,1199,1200,1200,1201,1203,1203,1202,1209,1213,1214,1216,1220,1221,1226,1229,1233,1234,1238,1240,1244,1245,1247,1249,1248,1252,1251,1254,1253,1254,1257,1256,1258,1257,1257,1261,1263,1260,1259,1257,1256,1252,20.98009188
817,810,814,813,814,815,816,816,817,816,818,818,819,819,820,821,821,820,820,820,822,821,823,823,823,825,825,825,825,824,828,830,830,833,835,837,836,838,839,842,841,841,843,843,843,844,844,845,847,845,846,846,847,847,846,850,848,850,853,853,856,856,858,859,859,857,859,857,859,859,860,862,861,864,861,862,861,862,863,863,863,863,862,863,862,862,864,862,865,864,863,863,863,861,862,862,862,861,862,860,862,860,859,860,860,860,856,859,858,858,856,855,856,854,851,851,850,848,4.60251046
789,783,786,786,789,790,792,794,795,796,799,800,800,802,805,805,807,810,810,811,815,816,818,820,821,820,823,824,825,827,839,850,861,869,876,882,890,895,899,904,910,907,916,918,922,926,928,930,933,936,938,939,940,944,946,947,948,961,970,978,985,988,992,996,998,1000,1002,1004,1004,1006,1007,1009,1008,1010,1011,1011,1013,1013,1014,1015,1013,1016,1015,1016,1018,1019,1019,1020,1021,1022,1022,1021,1021,1016,1022,1021,1020,1021,1022,1021,1020,1021,1020,1023,1019,1019,1019,1020,1020,1018,1018,1017,1016,1013,1011,1010,1009,1006,14.43850267
562,576,601,625,652,681,710,740,769,799,828,859,886,914,944,972,995,1020,1044,1069,1091,1112,1132,1152,1170,1190,1207,1224,1240,1255,1378,1467,1534,1582,1623,1656,1685,1706,1726,1743,1759,1771,1781,1791,1801,1805,1813,1819,1825,1831,1834,1836,1840,1843,1848,1851,1855,1885,1919,1955,1984,2013,2037,2059,2075,2091,2103,2117,2124,2131,2137,2141,2144,2150,2152,2153,2155,2155,2156,2159,2155,2157,2158,2156,2153,2156,2168,2186,2207,2226,2244,2263,2274,2284,2289,2294,2298,2299,2302,2303,2303,2305,2308,2306,2306,2306,2305,2305,2306,2305,2303,2293,2280,2260,2252,2252,2244,2241,37.58389262
571,586,609,632,658,685,712,743,771,804,835,864,894,922,951,977,1005,1030,1055,1079,1102,1125,1147,1166,1186,1206,1223,1240,1257,1273,1403,1496,1567,1620,1664,1700,1731,1755,1775,1795,1808,1821,1835,1845,1851,1862,1869,1877,1883,1887,1894,1900,1907,1913,1916,1923,1927,1980,2037,2090,2139,2181,2216,2245,2272,2292,2313,2328,2342,2354,2363,2371,2379,2384,2393,2397,2401,2403,2407,2408,2410,2413,2413,2415,2421,2425,2428,2432,2437,2446,2458,2460,2468,2475,2482,2488,2488,2493,2497,2499,2501,2504,2506,2505,2506,2507,2508,2509,2510,2512,2509,2507,2498,2490,2488,2484,2480,2476,36.39240506
637,643,656,669,682,695,707,717,732,743,755,766,778,788,797,808,817,827,836,846,854,862,870,878,884,892,900,906,911,918,969,1009,1037,1063,1083,1101,1117,1128,1140,1148,1160,1166,1172,1179,1186,1192,1194,1199,1202,1206,1209,1213,1216,1220,1222,1222,1226,1246,1264,1279,1294,1305,1314,1322,1332,1336,1344,1349,1353,1358,1363,1367,1370,1368,1377,1380,1382,1384,1386,1388,1390,1393,1395,1395,1409,1418,1425,1432,1433,1435,1439,1440,1440,1441,1442,1443,1443,1443,1445,1445,1445,1445,1444,1445,1443,1444,1445,1445,1448,1446,1445,1447,1446,1446,1448,1446,1444,1442,15.65836299
439,448,462,476,495,512,530,550,570,590,611,632,653,673,694,713,732,755,771,789,805,820,837,853,868,883,896,911,922,937,1036,1109,1166,1211,1245,1272,1295,1314,1330,1339,1350,1359,1367,1370,1373,1378,1381,1382,1387,1390,1392,1395,1396,1400,1400,1402,1407,1449,1500,1559,1614,1666,1712,1756,1792,1827,1855,1881,1905,1924,1939,1953,1963,1975,1982,1990,1996,2002,2004,2007,2012,2014,2017,2021,2032,2040,2047,2059,2071,2082,2093,2105,2115,2124,2129,2134,2136,2139,2141,2145,2145,2145,2146,2147,2148,2150,2148,2150,2147,2148,2149,2144,2137,2130,2122,2116,2108,2102,40.24960998
521,530,545,561,580,599,618,641,662,683,706,729,749,772,794,815,836,856,875,893,913,929,948,964,979,995,1012,1024,1038,1051,1159,1237,1297,1340,1376,1406,1431,1452,1469,1484,1495,1507,1514,1522,1530,1535,1539,1545,1547,1554,1557,1558,1563,1566,1570,1575,1578,1620,1666,1709,1750,1781,1809,1833,1851,1867,1881,1892,1905,1912,1921,1926,1934,1939,1944,1949,1952,1954,1959,1961,1965,1965,1968,1969,1983,1988,1993,1989,1995,1998,1995,2000,1999,2000,2001,2001,2001,2002,2003,2003,2003,2002,2003,2004,2004,2004,2004,2003,2004,2006,2003,2005,2002,1996,1990,1986,1984,1980,28.125
516,532,554,579,607,636,666,699,731,762,796,829,859,891,920,949,976,1002,1030,1053,1077,1099,1123,1143,1164,1185,1202,1220,1236,1254,1385,1477,1545,1597,1639,1668,1698,1723,1742,1759,1773,1782,1794,1800,1808,1813,1819,1824,1826,1829,1830,1835,1838,1839,1841,1844,1846,1876,1917,1962,2006,2046,2081,2117,2141,2168,2187,2204,2217,2229,2238,2246,2252,2254,2258,2263,2264,2264,2268,2270,2271,2267,2270,2269,2269,2278,2292,2317,2345,2370,2395,2414,2425,2431,2436,2437,2438,2440,2439,2438,2438,2437,2435,2434,2435,2433,2434,2433,2433,2434,2432,2425,2420,2411,2405,2398,2392,2388,54.60750853
501,515,539,565,590,619,647,679,710,741,772,803,832,862,892,916,945,969,992,1017,1037,1057,1078,1097,1115,1134,1149,1165,1181,1196,1311,1390,1448,1490,1522,1547,1570,1585,1599,1610,1617,1625,1630,1633,1635,1639,1641,1643,1643,1644,1647,1649,1650,1653,1655,1658,1658,1701,1759,1821,1877,1928,1969,2005,2036,2062,2085,2101,2115,2131,2139,2149,2153,2159,2164,2170,2172,2176,2179,2182,2184,2184,2187,2188,2193,2197,2201,2204,2209,2217,2224,2227,2236,2242,2246,2252,2254,2256,2261,2260,2262,2259,2263,2262,2261,2261,2259,2258,2259,2259,2259,2247,2240,2235,2230,2224,2217,2212,41.43192488
535,544,567,586,609,633,659,683,710,738,763,792,817,843,869,894,918,942,964,988,1009,1029,1049,1069,1088,1104,1121,1138,1153,1169,1290,1380,1448,1498,1538,1572,1600,1622,1642,1657,1672,1684,1692,1699,1709,1716,1718,1723,1729,1734,1736,1740,1744,1749,1751,1757,1759,1810,1869,1923,1979,2021,2061,2094,2118,2143,2161,2177,2190,2203,2212,2218,2227,2233,2238,2241,2244,2250,2247,2250,2253,2252,2256,2254,2261,2265,2273,2283,2289,2305,2319,2329,2338,2347,2354,2359,2364,2366,2369,2371,2369,2372,2375,2377,2374,2377,2377,2376,2375,2378,2376,2376,2374,2368,2365,2357,2355,2347,25.83333333
607,618,637,659,683,706,729,755,781,807,833,861,886,914,937,962,985,1008,1029,1053,1074,1094,1112,1133,1151,1168,1186,1202,1217,1234,1353,1445,1513,1567,1610,1643,1672,1698,1722,1741,1758,1771,1787,1797,1805,1816,1824,1833,1838,1844,1851,1855,1859,1865,1870,1874,1878,1918,1959,1999,2036,2067,2095,2117,2137,2154,2169,2182,2193,2202,2210,2216,2224,2228,2232,2237,2239,2242,2244,2248,2251,2254,2253,2254,2263,2271,2276,2283,2294,2308,2319,2330,2339,2350,2357,2364,2368,2373,2377,2379,2378,2382,2385,2383,2383,2384,2388,2386,2386,2387,2389,2389,2384,2382,2381,2376,2373,2372,24.33862434
604,611,625,640,653,672,686,702,721,737,753,768,788,801,815,832,849,861,878,890,903,915,928,941,949,960,975,980,993,1004,1083,1142,1184,1216,1252,1273,1296,1311,1325,1341,1354,1367,1374,1379,1390,1395,1399,1404,1409,1413,1420,1421,1429,1435,1437,1438,1439,1471,1493,1513,1526,1545,1550,1561,1565,1571,1576,1581,1587,1587,1590,1591,1594,1596,1596,1600,1604,1598,1605,1604,1605,1605,1603,1609,1613,1616,1621,1625,1632,1632,1638,1640,1645,1646,1651,1653,1658,1662,1665,1665,1666,1668,1669,1677,1674,1676,1677,1678,1683,1684,1682,1695,1704,1710,1713,1719,1718,1720,19.73684211
682,680,688,692,698,705,709,716,721,728,731,740,748,752,759,765,771,776,781,786,793,797,803,808,813,817,821,825,830,834,870,898,923,943,963,978,991,1003,1015,1025,1034,1039,1048,1055,1061,1066,1073,1076,1078,1084,1088,1092,1098,1100,1103,1106,1108,1129,1144,1153,1160,1165,1168,1173,1177,1177,1178,1179,1181,1182,1184,1186,1184,1186,1187,1187,1187,1188,1187,1189,1189,1189,1192,1190,1195,1198,1199,1200,1204,1206,1209,1211,1212,1214,1213,1218,1220,1220,1221,1225,1227,1225,1227,1228,1229,1231,1231,1233,1234,1233,1234,1243,1248,1251,1255,1256,1258,1260,19.34604905
551,567,585,612,637,663,690,716,742,770,798,826,852,881,905,931,956,981,1000,1022,1043,1064,1083,1102,1119,1136,1153,1170,1187,1200,1315,1401,1462,1510,1548,1577,1606,1629,1650,1666,1681,1693,1706,1714,1722,1733,1740,1744,1752,1755,1760,1766,1769,1772,1777,1780,1783,1816,1845,1875,1902,1925,1945,1962,1974,1988,2000,2008,2014,2020,2026,2030,2036,2037,2041,2044,2044,2049,2048,2051,2051,2052,2053,2051,2055,2059,2061,2065,2072,2080,2089,2095,2103,2109,2114,2121,2122,2127,2129,2129,2130,2130,2133,2132,2134,2134,2133,2132,2135,2136,2133,2130,2126,2123,2120,2115,2110,2104,23.60515021
946,943,947,950,952,956,959,961,962,966,967,969,972,974,976,979,980,982,987,987,989,990,993,993,996,997,1001,1000,1002,1005,1019,1032,1042,1052,1060,1068,1076,1080,1083,1088,1093,1098,1102,1104,1108,1105,1113,1114,1119,1121,1122,1125,1126,1129,1130,1131,1133,1146,1156,1163,1170,1174,1177,1182,1181,1187,1189,1191,1192,1194,1195,1197,1197,1200,1200,1202,1201,1204,1204,1205,1205,1206,1206,1207,1211,1215,1215,1217,1217,1218,1220,1218,1219,1219,1219,1218,1219,1219,1219,1218,1219,1217,1220,1216,1218,1216,1217,1216,1216,1216,1214,1215,1210,1208,1206,1207,1202,1201,2.602230483
750,745,747,750,751,753,756,758,759,761,763,765,768,767,769,770,772,774,776,777,779,777,783,783,784,786,787,787,790,790,801,811,817,824,830,835,841,844,847,851,854,856,858,860,861,863,864,867,869,868,872,873,873,877,876,877,877,885,892,895,899,901,904,906,907,911,910,913,912,913,913,916,914,916,916,917,917,917,918,920,919,921,920,920,922,925,927,925,928,929,929,928,929,928,929,929,929,925,929,929,929,928,928,928,928,929,928,928,928,926,927,925,923,921,920,919,920,918,2.564102564
968,971,980,987,993,1000,1007,1013,1020,1026,1032,1037,1047,1052,1058,1064,1072,1076,1079,1086,1086,1095,1100,1105,1108,1114,1119,1122,1126,1131,1165,1188,1206,1224,1237,1248,1257,1264,1272,1277,1284,1290,1294,1297,1297,1302,1307,1310,1313,1315,1316,1319,1322,1325,1325,1328,1328,1339,1346,1351,1358,1359,1364,1363,1368,1367,1369,1370,1374,1374,1376,1376,1378,1377,1378,1379,1381,1379,1378,1379,1378,1377,1379,1376,1382,1381,1384,1382,1385,1389,1388,1387,1389,1387,1389,1388,1394,1388,1392,1392,1392,1389,1392,1394,1394,1393,1393,1393,1394,1395,1395,1392,1399,1400,1399,1396,1396,1392,2.4
605,602,606,608,611,615,619,621,625,627,630,633,635,638,641,644,644,650,652,655,659,662,661,666,669,670,673,674,676,679,699,717,729,743,753,765,773,778,786,793,798,804,806,811,816,818,824,826,831,833,834,837,840,843,845,846,848,862,871,877,883,885,890,893,892,895,896,897,897,899,899,900,901,902,903,902,902,902,902,901,903,903,904,906,907,909,910,911,913,914,914,914,916,917,916,917,919,919,920,921,921,921,922,923,923,922,923,923,925,926,925,928,930,932,934,934,937,935,21.95121951
483,492,509,526,545,565,584,606,629,655,676,701,724,747,770,792,815,836,857,879,897,918,936,954,972,988,1002,1018,1033,1049,1163,1245,1307,1351,1388,1417,1439,1457,1471,1484,1494,1500,1506,1509,1513,1513,1516,1517,1519,1519,1519,1520,1519,1521,1522,1524,1527,1560,1612,1672,1726,1774,1819,1856,1893,1922,1949,1975,1995,2014,2035,2045,2061,2075,2080,2093,2101,2107,2114,2117,2125,2129,2133,2136,2158,2172,2183,2196,2207,2219,2233,2242,2249,2253,2261,2263,2266,2270,2271,2273,2272,2270,2270,2270,2269,2272,2273,2266,2273,2267,2269,2266,2260,2258,2254,2249,2240,2238,33.33333333
483,488,499,513,526,540,555,569,585,601,616,635,652,668,686,702,720,735,750,764,779,794,808,821,834,847,859,871,883,896,988,1057,1111,1156,1189,1216,1241,1261,1275,1290,1301,1311,1318,1325,1330,1335,1339,1344,1346,1348,1354,1355,1360,1363,1367,1371,1374,1419,1472,1524,1569,1608,1639,1667,1692,1710,1729,1743,1760,1770,1783,1794,1802,1809,1817,1824,1829,1835,1840,1843,1848,1852,1854,1858,1876,1885,1895,1905,1911,1919,1925,1931,1938,1940,1945,1948,1951,1955,1956,1959,1959,1963,1963,1963,1961,1965,1963,1964,1965,1964,1963,1964,1964,1960,1955,1953,1948,1942,21.55477032
682,682,691,699,705,713,721,729,736,744,751,759,766,776,784,792,803,809,816,827,835,842,850,859,865,874,881,889,895,904,965,1015,1057,1085,1110,1131,1149,1164,1176,1188,1198,1208,1215,1223,1229,1236,1242,1245,1250,1254,1258,1262,1267,1268,1270,1275,1278,1300,1320,1337,1350,1363,1371,1381,1384,1390,1394,1400,1402,1407,1410,1411,1414,1417,1420,1420,1423,1422,1425,1426,1426,1428,1431,1432,1436,1442,1445,1445,1448,1448,1449,1451,1452,1451,1453,1452,1454,1453,1453,1453,1454,1452,1453,1453,1453,1454,1452,1453,1455,1455,1453,1454,1453,1452,1452,1452,1450,1450,11.15702479
476,481,492,503,516,528,541,556,568,581,595,609,620,633,646,657,670,682,691,703,715,723,733,744,754,761,770,779,786,796,858,909,947,977,1003,1023,1040,1054,1069,1078,1089,1097,1103,1109,1116,1121,1124,1129,1134,1136,1139,1143,1145,1149,1151,1155,1156,1182,1207,1229,1254,1270,1285,1296,1308,1317,1325,1332,1337,1341,1348,1349,1356,1357,1360,1362,1365,1366,1369,1370,1371,1373,1373,1377,1382,1385,1390,1395,1402,1405,1410,1413,1418,1423,1427,1430,1431,1435,1439,1439,1440,1441,1444,1443,1445,1445,1448,1448,1450,1453,1451,1456,1460,1464,1466,1466,1466,1467,26.21359223
731,729,736,738,745,750,755,758,763,768,771,776,781,786,790,795,798,805,808,813,817,819,824,827,832,835,840,844,848,849,885,915,942,964,983,1000,1017,1031,1043,1052,1066,1076,1083,1089,1097,1106,1113,1119,1125,1129,1133,1137,1141,1147,1151,1155,1157,1188,1209,1225,1239,1247,1255,1262,1268,1274,1277,1280,1284,1286,1289,1291,1293,1297,1297,1298,1299,1303,1302,1306,1306,1308,1309,1308,1315,1322,1325,1328,1330,1331,1334,1335,1335,1336,1338,1339,1342,1342,1342,1346,1346,1344,1343,1346,1348,1347,1349,1349,1350,1350,1352,1350,1352,1354,1354,1357,1358,1366,6.166666667
711,710,717,723,731,738,745,753,759,768,774,782,790,797,806,812,820,826,834,844,850,856,864,870,877,884,888,895,902,908,960,1005,1039,1069,1094,1118,1135,1151,1165,1179,1188,1198,1206,1217,1222,1229,1234,1241,1246,1250,1254,1259,1263,1267,1270,1273,1278,1305,1329,1353,1368,1381,1397,1407,1415,1425,1432,1438,1445,1448,1456,1459,1461,1465,1467,1472,1476,1477,1480,1481,1483,1487,1487,1490,1502,1508,1515,1516,1518,1522,1524,1525,1527,1528,1529,1531,1531,1534,1535,1537,1537,1538,1537,1539,1541,1540,1539,1540,1540,1542,1543,1545,1547,1547,1546,1546,1546,1544,9.779614325
425,434,448,465,480,492,513,532,550,568,588,608,624,643,662,679,695,711,728,745,758,773,785,799,809,822,834,844,856,865,947,1003,1044,1075,1099,1118,1135,1147,1158,1166,1175,1183,1187,1192,1196,1200,1202,1205,1205,1211,1210,1214,1215,1217,1221,1221,1225,1251,1278,1307,1331,1353,1371,1386,1398,1410,1419,1429,1434,1440,1446,1449,1454,1458,1461,1462,1465,1467,1470,1469,1472,1474,1476,1475,1482,1486,1492,1497,1503,1509,1513,1520,1525,1530,1535,1537,1541,1541,1544,1545,1544,1546,1546,1548,1549,1547,1548,1548,1548,1550,1549,1548,1544,1545,1543,1541,1538,1537,17.70428016
574,570,571,571,571,570,571,570,572,572,571,572,573,572,572,571,571,572,572,572,573,572,573,572,571,573,573,572,573,572,574,573,573,574,575,574,574,576,577,575,576,576,577,577,576,577,577,577,579,576,578,577,576,577,579,579,579,580,580,580,581,580,582,582,584,582,583,583,585,584,582,583,585,584,585,585,584,584,586,584,585,585,585,584,586,585,585,588,588,586,588,585,586,587,586,586,586,586,586,585,587,585,586,586,586,586,584,585,584,585,584,584,583,580,580,580,576,577,2.919708029
662,656,659,661,661,663,663,664,666,667,667,669,669,670,672,671,672,674,674,675,675,674,678,678,678,679,680,680,681,682,689,693,697,700,704,708,710,712,715,717,719,721,722,724,728,728,726,730,732,733,732,735,736,732,738,738,740,746,752,755,759,760,762,767,768,769,770,771,772,774,774,774,776,777,777,777,777,778,778,779,779,780,780,782,782,785,785,787,786,787,788,787,786,789,789,789,782,788,789,787,786,787,788,788,788,787,787,787,787,787,786,789,785,784,783,781,781,781,11.9047619
742,738,746,750,756,762,766,770,776,784,788,794,798,804,808,812,818,821,826,832,835,840,842,848,852,855,860,863,866,871,902,928,951,969,985,998,1010,1022,1032,1040,1046,1053,1058,1065,1069,1074,1079,1084,1086,1090,1096,1094,1101,1103,1106,1110,1110,1131,1144,1158,1168,1175,1183,1189,1195,1200,1203,1209,1211,1216,1215,1223,1220,1224,1226,1227,1230,1233,1233,1234,1235,1234,1238,1239,1246,1248,1251,1252,1254,1253,1256,1257,1258,1259,1260,1258,1261,1260,1263,1262,1263,1264,1262,1264,1264,1263,1264,1263,1264,1263,1263,1262,1265,1262,1260,1258,1257,1255,14.53900709
392,400,411,427,438,453,470,484,500,519,534,548,569,586,601,617,632,650,662,675,692,705,716,729,741,753,764,774,783,792,871,928,973,1007,1033,1053,1074,1087,1102,1113,1119,1125,1130,1134,1142,1141,1144,1148,1149,1149,1153,1155,1155,1158,1161,1164,1163,1196,1236,1280,1315,1353,1382,1409,1432,1454,1474,1491,1507,1521,1533,1545,1556,1564,1574,1579,1588,1591,1596,1600,1603,1608,1608,1611,1630,1638,1647,1660,1672,1687,1701,1711,1719,1727,1733,1736,1740,1743,1745,1747,1747,1746,1748,1748,1748,1749,1751,1750,1749,1751,1749,1748,1747,1746,1741,1744,1752,1754,35.86956522
639,633,634,635,636,635,634,636,636,637,637,636,637,638,637,638,636,638,638,638,638,639,638,639,638,640,640,640,638,640,642,642,644,646,647,646,645,647,649,648,649,650,650,651,651,651,652,654,653,655,654,654,656,654,654,655,655,657,659,660,661,663,663,664,664,666,666,666,667,667,667,668,667,670,668,669,668,672,668,670,670,671,671,671,673,674,675,674,675,676,675,676,675,676,677,678,675,678,675,678,677,676,676,675,675,676,674,677,677,675,676,675,674,672,671,672,670,669,6.060606061
693,689,694,696,698,701,703,707,709,713,713,717,720,722,725,726,729,732,734,734,737,740,743,743,747,750,751,752,756,757,772,785,799,809,817,825,830,836,842,848,851,856,859,864,865,868,870,874,876,880,880,883,885,886,889,888,891,903,910,917,922,926,930,934,935,937,939,940,940,943,943,944,945,946,947,948,948,950,951,951,952,952,955,953,957,959,960,962,961,964,963,965,965,965,966,967,967,966,967,966,967,967,968,967,968,968,970,970,970,969,969,970,968,970,970,970,970,970,11.8852459
277,273,276,276,277,277,280,281,281,281,283,283,284,284,287,287,286,289,289,291,292,293,293,294,295,295,295,297,298,299,306,314,319,324,327,332,335,339,341,343,346,346,351,351,352,355,355,358,358,360,360,361,363,364,365,364,368,370,376,378,381,382,383,385,386,387,388,388,391,390,392,393,392,392,392,393,394,393,394,393,395,394,394,396,397,398,398,399,401,400,401,399,403,402,403,403,403,405,404,404,404,405,406,404,405,406,406,406,406,408,406,408,410,411,412,412,411,411,21.30584192
471,468,471,472,475,476,479,482,484,486,487,488,491,493,495,497,500,501,505,505,509,511,513,515,517,520,520,524,525,528,545,561,575,586,598,609,617,624,632,638,644,648,653,660,663,666,669,673,676,677,681,684,688,688,690,691,694,710,720,725,733,736,741,744,746,749,750,752,754,756,755,756,757,757,758,759,759,760,761,760,762,762,763,761,765,768,768,768,771,770,770,771,772,773,775,776,775,773,776,775,776,775,774,774,779,775,777,777,777,777,777,779,779,779,778,779,779,779,17.77108434
528,525,526,527,529,530,533,534,535,537,537,539,540,541,543,544,544,547,547,550,550,551,553,552,553,555,557,557,560,560,570,579,587,593,598,604,609,614,617,620,625,627,630,633,635,638,640,642,644,644,646,648,652,651,653,653,655,663,672,677,677,681,684,687,689,690,690,690,692,692,693,693,695,697,696,696,697,697,700,697,698,699,699,698,703,702,704,705,705,708,707,707,708,709,707,709,710,709,710,710,710,712,712,711,713,712,711,712,712,714,714,714,718,718,718,720,721,720,5.147058824
501,503,514,524,534,544,553,565,576,587,600,611,621,632,644,655,666,676,685,694,704,712,721,729,736,744,752,760,767,774,827,869,902,928,948,963,979,991,1001,1009,1019,1026,1030,1034,1038,1043,1046,1050,1052,1055,1057,1059,1060,1065,1066,1067,1070,1089,1111,1131,1148,1165,1179,1190,1199,1206,1216,1221,1228,1234,1237,1241,1245,1246,1251,1253,1256,1259,1258,1261,1261,1264,1266,1264,1274,1279,1283,1286,1286,1288,1291,1294,1296,1298,1299,1300,1302,1305,1302,1306,1307,1308,1309,1309,1309,1308,1309,1310,1313,1312,1313,1315,1318,1319,1320,1319,1320,1319,9.75177305
681,676,678,680,680,683,683,685,684,687,687,689,689,691,692,692,692,695,694,696,696,697,699,700,699,700,701,703,702,704,710,715,719,725,728,731,734,738,739,740,745,745,747,748,750,751,753,754,755,753,756,757,760,761,760,761,763,769,774,775,780,782,784,785,789,788,789,792,791,793,793,794,794,796,796,798,800,799,801,799,799,799,800,800,804,805,807,808,806,809,808,809,809,808,809,809,808,808,809,809,809,809,809,810,808,808,808,809,810,808,808,807,805,807,804,803,801,801,1.167315175
618,614,617,618,618,621,621,624,625,627,629,629,629,633,634,636,637,639,638,641,642,642,645,647,647,647,649,652,652,654,664,674,682,691,696,702,708,712,715,719,723,725,729,732,734,736,738,739,742,744,746,747,751,753,753,754,753,765,771,776,781,784,787,791,793,794,797,796,799,800,802,801,803,805,804,805,806,806,808,810,811,810,810,811,816,815,818,818,819,821,820,821,822,820,822,821,823,821,820,822,820,820,822,821,820,822,823,820,821,822,820,821,819,821,819,819,818,820,8.225616921
654,663,679,701,718,739,759,783,804,828,848,870,890,912,933,953,972,992,1008,1028,1047,1063,1080,1094,1110,1124,1139,1153,1166,1181,1281,1361,1420,1464,1501,1531,1555,1576,1596,1612,1627,1640,1652,1664,1673,1681,1689,1693,1702,1708,1712,1717,1723,1725,1731,1733,1736,1763,1784,1800,1816,1830,1839,1849,1859,1865,1872,1876,1881,1886,1888,1892,1897,1899,1901,1901,1904,1908,1908,1907,1913,1912,1912,1914,1920,1924,1926,1928,1929,1931,1933,1937,1941,1945,1950,1953,1955,1957,1961,1965,1965,1968,1969,1970,1975,1974,1974,1975,1975,1976,1976,1977,1977,1977,1975,1972,1970,1968,17.31843575
434,431,431,432,434,434,435,437,436,436,440,440,441,443,442,442,446,445,446,446,447,449,449,450,451,451,453,453,454,456,460,468,469,477,481,485,487,491,493,494,495,498,499,501,502,503,503,504,505,506,507,508,509,510,510,512,511,517,519,522,523,528,527,528,530,529,533,531,533,534,533,534,535,535,535,535,537,537,538,536,538,538,539,539,541,541,542,543,547,544,545,545,546,546,546,546,546,547,548,545,546,547,548,546,548,548,546,549,548,549,550,549,550,550,549,549,549,547,5.294117647
569,563,564,561,563,562,563,563,563,564,565,563,565,564,563,562,564,563,562,562,563,563,564,563,563,563,563,563,562,563,558,560,561,563,564,565,564,564,565,564,564,563,566,566,566,566,566,566,566,566,566,567,566,567,565,568,567,568,568,570,571,571,571,571,572,573,573,574,574,576,574,574,574,577,576,577,574,576,577,577,577,578,576,578,580,581,579,582,581,580,582,582,583,576,582,583,584,583,584,584,584,580,583,583,583,584,583,583,580,584,583,583,584,580,582,582,581,580,1.50862069
495,498,509,517,526,537,548,557,568,577,586,597,607,617,625,634,644,651,659,669,676,685,691,699,704,710,718,722,730,735,782,821,850,874,892,907,921,933,944,954,963,969,976,982,987,990,996,999,1004,1008,1011,1014,1018,1019,1022,1024,1026,1044,1062,1077,1092,1105,1116,1123,1131,1137,1145,1148,1153,1159,1162,1164,1168,1170,1174,1177,1178,1179,1182,1184,1184,1186,1189,1190,1201,1210,1216,1220,1224,1227,1230,1230,1234,1235,1234,1237,1238,1238,1237,1241,1240,1241,1240,1242,1242,1241,1242,1241,1242,1242,1242,1244,1243,1241,1242,1241,1238,1236,8.90052356
582,576,576,578,578,578,579,579,579,579,579,580,581,580,582,579,582,582,583,582,583,584,583,585,584,584,583,587,585,584,588,591,593,597,598,600,601,602,605,604,607,607,608,610,609,611,610,613,613,615,615,616,615,617,618,617,618,622,626,632,632,634,635,638,640,641,643,644,646,645,646,648,649,650,651,651,652,652,653,654,654,656,656,655,660,664,665,666,669,668,669,668,670,669,671,671,671,672,671,672,673,674,672,673,673,673,672,675,673,673,671,673,674,671,670,669,667,668,5.291005291
395,391,391,391,392,393,390,392,391,392,392,393,392,393,393,393,391,392,393,393,393,394,393,394,393,393,393,394,394,392,393,395,397,398,399,398,399,401,399,400,400,401,402,402,402,402,403,402,402,403,404,403,404,405,406,405,405,406,407,409,410,413,413,413,412,414,415,414,413,416,415,416,416,416,417,418,417,417,418,418,418,418,418,419,421,421,421,423,420,423,423,423,423,423,422,423,424,422,423,423,423,423,423,423,422,419,422,423,422,422,422,422,421,421,421,421,419,419,5.053598775
633,629,629,630,630,630,630,626,630,629,631,631,632,631,630,631,631,632,631,632,632,632,631,632,632,632,630,633,632,632,633,633,633,634,633,634,635,634,636,635,636,635,636,638,637,637,637,637,637,638,637,637,637,637,637,637,638,638,639,640,641,640,641,642,642,642,641,640,643,644,642,642,642,642,643,644,642,643,641,642,644,643,643,645,644,643,644,645,644,645,645,645,646,644,645,644,644,645,643,644,643,643,643,643,644,644,644,644,642,643,643,642,640,637,637,634,634,632,0
711,708,710,711,711,710,710,710,710,711,712,711,711,711,710,712,710,710,711,707,711,710,710,711,710,711,711,711,711,711,711,710,710,711,712,710,710,712,710,710,711,712,710,711,710,711,711,710,710,711,711,710,712,710,710,710,710,711,712,710,712,711,711,712,712,710,712,710,712,712,712,711,711,710,711,710,712,712,711,711,712,710,710,709,711,711,709,708,709,708,706,707,708,707,708,707,707,706,706,705,705,705,706,706,704,704,704,704,704,703,702,700,701,698,697,695,695,692,3.03030303
488,493,504,514,524,535,546,558,568,579,591,603,613,623,636,644,656,664,672,682,691,698,708,716,722,730,736,742,749,756,806,843,874,898,917,934,947,960,971,979,987,993,1002,1008,1012,1018,1022,1026,1029,1032,1034,1037,1041,1042,1045,1046,1050,1066,1076,1086,1092,1096,1103,1106,1108,1112,1114,1116,1119,1118,1119,1121,1120,1123,1123,1125,1125,1127,1127,1128,1126,1129,1126,1129,1130,1131,1132,1133,1133,1134,1138,1141,1142,1146,1147,1150,1149,1151,1152,1154,1154,1156,1154,1157,1159,1159,1158,1160,1160,1160,1160,1161,1164,1163,1164,1166,1163,1160,8.724832215
544,543,552,562,570,579,586,597,607,613,626,636,645,655,664,674,682,914,698,711,719,727,735,742,752,758,766,773,780,789,844,890,925,956,978,997,1013,1029,1041,1053,1065,1070,1077,1083,1091,1095,1100,1104,1109,1113,1115,1119,1122,1126,1128,1129,1132,1152,1166,1179,1190,1197,1208,1214,1221,1225,1229,1235,1238,1243,1244,1246,1252,1254,1254,1258,1260,1262,1265,1270,1271,1270,1272,1271,1283,1290,1294,1298,1301,1302,1303,1305,1305,1306,1307,1309,1307,1307,1308,1307,1308,1309,1309,1309,1309,1309,1309,1310,1310,1309,1308,1308,1309,1304,1304,1302,1301,1300,12.34177215
665,659,659,660,660,659,662,662,661,660,662,661,659,660,661,662,662,661,661,661,661,661,663,662,662,665,661,663,663,662,664,664,664,665,666,669,667,670,669,670,670,670,671,671,671,674,673,674,674,674,675,674,676,674,674,676,676,679,680,681,683,683,685,686,687,688,689,689,689,690,689,691,692,692,693,693,692,693,693,694,695,695,695,695,697,699,700,701,702,702,702,702,702,703,703,701,703,704,704,703,704,704,704,705,705,703,705,704,705,704,705,704,702,702,704,701,701,701,2.135231317
478,480,488,496,504,512,519,528,537,545,555,562,571,578,588,596,604,612,618,626,634,642,647,653,662,664,674,681,682,692,740,777,808,832,852,867,882,896,904,915,925,929,935,940,945,949,954,956,958,961,964,966,968,970,973,973,976,989,1001,1012,1024,1031,1042,1049,1054,1061,1067,1070,1075,1079,1082,1085,1089,1091,1094,1095,1098,1099,1102,1104,1107,1106,1110,1108,1119,1125,1130,1130,1135,1134,1138,1138,1140,1141,1141,1143,1144,1147,1146,1148,1149,1148,1151,1149,1152,1152,1152,1153,1153,1154,1155,1160,1161,1161,1162,1162,1163,1162,17.31669267
578,569,572,574,574,574,576,576,577,577,578,579,578,581,583,584,583,585,586,586,587,588,590,590,591,591,593,593,593,595,601,610,615,622,628,633,636,639,644,647,650,653,655,658,662,663,667,669,670,671,672,673,677,680,679,681,682,694,699,704,710,713,715,720,719,722,723,725,728,727,729,731,732,732,732,734,733,735,735,735,736,737,739,736,740,744,743,745,746,745,748,747,746,748,747,747,748,749,748,749,748,750,750,749,750,748,747,748,746,748,749,748,747,746,746,746,744,742,5.915178571
489,500,518,538,559,581,602,629,652,678,703,727,753,777,801,823,850,870,889,912,932,950,970,987,1005,1022,1038,1053,1066,1083,1197,1277,1335,1381,1418,1448,1473,1496,1512,1526,1539,1550,1560,1570,1577,1584,1590,1597,1598,1604,1606,1609,1611,1613,1617,1617,1621,1641,1667,1693,1716,1739,1761,1777,1792,1805,1815,1825,1834,1841,1847,1851,1858,1860,1862,1866,1865,1868,1869,1871,1871,1871,1873,1871,1872,1872,1877,1887,1900,1913,1929,1943,1952,1957,1965,1969,1972,1974,1973,1975,1975,1976,1977,1976,1977,1978,1979,1979,1978,1978,1976,1975,1973,1969,1967,1966,1965,1961,32.59385666
505,501,503,509,512,515,518,522,526,529,532,535,541,543,546,550,553,557,560,561,565,567,570,575,576,579,582,585,587,590,613,631,650,662,674,685,695,702,709,715,722,726,732,736,741,742,745,749,752,754,756,760,762,762,764,769,769,780,789,795,800,800,803,805,807,810,810,813,815,813,815,815,817,817,817,818,820,819,820,821,822,819,820,821,823,825,827,829,830,831,833,832,833,835,835,837,835,838,839,839,840,841,842,844,843,844,845,844,846,845,848,852,856,861,861,865,867,869,16.90140845
572,566,569,569,570,571,568,571,573,573,573,575,574,576,576,578,581,577,579,580,581,581,581,582,582,583,584,584,585,587,590,595,599,601,605,607,612,612,614,617,618,618,620,622,622,625,626,627,628,628,630,630,632,632,633,634,635,639,644,646,649,653,653,655,656,657,658,659,661,660,661,662,662,665,665,665,666,665,666,665,666,666,667,667,671,672,673,674,675,674,674,675,674,675,675,676,676,676,676,677,675,675,676,675,675,675,677,675,675,675,676,673,674,673,672,672,672,671,4.166666667
658,658,663,670,676,681,686,693,699,705,713,715,722,728,732,738,742,743,752,759,762,766,770,775,778,783,788,791,794,796,828,851,867,884,897,909,918,923,933,940,946,949,955,958,962,965,967,973,973,978,978,982,983,983,986,989,989,1002,1010,1017,1020,1023,1027,1029,1032,1033,1036,1038,1037,1040,1040,1042,1042,1044,1044,1045,1046,1046,1045,1047,1048,1050,1049,1049,1053,1054,1056,1059,1060,1060,1062,1062,1063,1063,1063,1063,1065,1065,1065,1066,1067,1068,1067,1068,1069,1070,1070,1070,1072,1071,1068,1074,1079,1079,1081,1083,1085,1085,7.936507937
581,575,576,577,579,578,578,580,581,581,581,581,582,582,583,584,583,584,583,585,585,585,585,584,585,586,586,586,586,586,588,591,592,595,596,597,598,600,598,601,602,602,602,602,604,605,604,606,605,607,606,607,607,606,608,609,609,611,614,613,616,617,617,618,618,618,619,619,620,621,620,620,621,622,621,622,619,622,622,623,622,623,623,623,624,626,625,626,626,627,627,626,626,627,625,628,626,626,626,625,626,626,627,624,625,625,625,624,624,625,624,624,623,622,624,622,622,622,1.315789474
576,570,571,570,572,569,572,572,572,571,572,572,572,572,574,571,571,572,571,572,572,571,571,573,572,571,571,571,571,572,571,572,573,573,571,571,572,572,572,572,572,571,571,571,570,570,571,572,572,572,572,569,573,571,571,572,571,573,572,572,572,573,572,573,572,573,573,573,573,572,572,573,571,571,571,573,573,571,572,572,572,571,574,572,572,572,572,571,570,571,570,570,569,568,570,569,570,568,568,568,569,570,569,567,566,567,567,567,566,568,566,565,561,560,562,561,560,557,2.997275204
513,508,509,511,511,512,514,514,516,515,517,518,519,518,521,521,521,522,522,523,524,525,525,525,527,527,527,528,529,530,535,540,543,545,549,552,553,555,557,557,561,560,561,565,565,566,566,566,567,570,570,569,570,571,571,574,574,577,576,582,583,585,586,587,588,590,590,591,592,592,592,593,594,593,592,594,594,593,595,594,595,596,596,595,598,597,600,598,599,599,600,601,601,601,599,601,601,600,599,601,601,601,600,600,600,601,601,600,600,601,600,599,599,599,598,598,599,597,6.008583691
774,769,770,770,772,770,773,774,775,773,773,774,775,775,774,775,778,776,777,777,777,778,777,777,778,778,780,779,779,778,782,783,785,787,789,790,789,792,792,792,795,795,794,795,795,795,799,797,797,798,797,799,800,799,799,800,800,803,805,804,806,808,810,809,811,811,812,812,812,812,814,809,814,814,816,816,817,817,816,816,818,817,817,817,819,822,822,821,824,822,823,824,823,824,823,825,825,825,824,825,825,826,826,826,825,827,825,826,825,826,826,824,825,824,822,821,821,820,1.486988848
650,643,647,646,647,648,648,649,648,648,649,650,649,649,650,651,651,652,652,652,653,653,651,652,655,653,651,655,653,654,655,657,659,659,662,661,661,661,662,662,662,665,665,665,666,665,663,667,666,667,666,667,668,668,668,669,669,671,672,674,673,675,674,676,675,676,675,677,676,678,676,676,677,677,677,677,676,677,677,678,678,678,677,678,679,677,678,679,678,677,678,679,679,680,678,678,679,679,674,679,677,677,676,677,677,677,677,676,676,676,674,674,672,670,668,665,665,666,3.205128205
746,737,739,740,741,742,742,742,742,743,743,743,744,744,743,744,742,746,744,745,745,745,745,746,746,744,746,745,747,746,748,748,750,750,752,751,753,754,754,755,755,754,755,757,756,756,756,757,757,756,756,756,759,757,758,758,758,759,761,759,760,763,764,762,762,763,761,763,766,763,765,764,765,764,764,765,765,765,766,765,767,766,766,766,766,765,768,767,764,765,766,766,766,766,766,767,766,764,766,765,765,765,766,765,765,765,764,764,764,763,763,761,760,760,758,757,755,754,4
594,592,591,592,592,593,592,591,593,592,593,593,593,592,592,593,593,594,594,594,593,594,594,594,593,594,594,593,593,594,594,594,594,594,597,595,597,597,597,596,598,599,597,598,597,598,600,599,599,598,598,600,598,600,600,599,600,601,600,601,604,604,602,604,604,604,605,604,604,604,605,605,606,604,601,606,607,606,607,608,605,606,605,606,607,607,608,608,608,608,608,608,608,608,608,608,608,609,607,605,607,608,610,606,610,608,607,609,607,608,606,606,605,605,603,602,601,595,4.87804878
649,648,655,660,666,673,677,680,689,693,699,705,711,715,719,725,730,734,739,743,748,751,756,760,764,771,772,776,779,783,814,840,863,880,897,910,921,932,942,947,956,964,969,975,980,984,989,994,998,1001,1004,1006,1008,1011,1014,1018,1020,1036,1047,1056,1063,1071,1074,1080,1083,1086,1088,1091,1092,1097,1100,1100,1102,1099,1105,1108,1106,1107,1109,1109,1110,1112,1111,1113,1117,1125,1125,1126,1130,1131,1133,1134,1134,1135,1137,1138,1139,1140,1140,1142,1142,1143,1141,1142,1144,1144,1145,1146,1146,1146,1147,1151,1154,1153,1154,1156,1156,1156,12.82051282
529,524,526,527,527,526,528,527,528,527,526,529,528,529,529,529,530,530,531,530,530,531,531,531,530,531,531,530,532,533,533,536,537,540,540,541,541,543,544,545,546,547,547,549,550,549,548,552,552,552,552,553,554,554,553,555,555,558,560,562,564,565,566,566,568,569,569,569,570,572,570,570,571,572,572,573,574,573,573,575,574,575,569,575,577,579,579,580,580,580,582,582,581,582,582,583,582,582,582,583,583,582,582,583,582,582,582,582,583,582,584,583,583,582,582,582,582,583,4.240282686
806,798,800,800,801,801,802,802,801,802,802,803,802,804,804,803,804,804,805,803,806,805,806,806,806,805,806,808,808,806,810,809,812,811,812,816,814,815,815,816,812,818,817,818,818,819,818,820,819,819,820,821,820,821,822,822,821,823,825,826,826,827,828,826,829,830,830,830,830,831,830,832,833,831,833,832,832,833,833,834,834,834,834,834,835,834,834,836,836,836,838,837,836,836,836,838,837,837,836,838,835,835,833,836,836,837,835,835,835,835,835,833,832,831,828,828,827,826,3.305785124
538,534,535,535,536,536,535,536,538,537,537,538,538,538,537,539,538,541,538,540,540,541,541,541,541,540,542,543,542,542,544,546,549,550,552,553,554,555,557,559,560,559,560,560,558,562,562,564,565,564,564,565,565,565,566,567,567,570,572,574,576,576,577,578,579,580,581,577,581,582,585,583,583,583,583,584,583,586,585,585,586,585,586,585,587,588,588,588,590,589,587,589,588,589,590,589,589,589,590,583,589,590,589,589,590,590,588,588,589,589,589,589,587,587,587,586,585,585,6.310679612
730,725,725,726,726,726,725,726,727,725,726,725,725,726,726,726,725,727,725,726,726,725,726,725,725,726,726,726,726,727,725,725,726,727,726,726,727,726,728,725,727,727,727,726,727,729,728,727,726,729,728,727,727,728,728,725,728,728,728,728,727,730,725,729,728,729,728,729,728,729,729,728,730,729,730,729,729,729,729,727,726,728,729,728,729,727,730,728,728,727,729,727,728,727,728,726,726,725,725,726,727,726,726,726,726,725,724,723,724,724,725,723,720,719,717,716,716,715,1.5
678,672,674,674,676,674,675,676,676,675,676,676,675,676,675,675,674,677,676,675,677,675,676,677,676,676,674,676,676,676,676,676,676,679,678,678,677,678,678,678,679,678,679,679,680,680,678,677,679,680,680,680,679,679,680,679,680,680,680,681,680,680,680,680,682,682,681,680,680,682,681,681,681,681,682,682,681,683,680,682,676,680,681,680,680,680,678,679,679,678,677,677,676,678,676,676,677,676,677,675,674,675,674,674,675,676,673,674,675,673,673,671,670,668,666,665,662,664,1.101928375
